shipment_id,client,location,ship_date,eta_date,delivered_date,orders_count,sla_days,days_in_transit,on_time,days_late
S000001,Lex & Co,Lex & Co Site 17,2024-11-07,2024-11-10,2024-11-10,1,3,3,True,0
S000002,Lex & Co,Lex & Co Site 52,2024-11-23,2024-11-25,2024-11-25,1,2,2,True,0
S000003,Lex & Co,Lex & Co Site 51,2024-11-25,2024-11-30,2024-11-30,1,5,5,True,0
S000004,Taxify LLP,Taxify LLP Site 63,2024-12-09,2024-12-13,2024-12-13,1,4,4,True,0
S000005,Kroger,Kroger Site 29,2024-12-10,2024-12-13,2024-12-14,1,3,4,False,1
S000006,Kroger,Kroger Site 29,2024-12-10,2024-12-12,2024-12-12,1,2,2,True,0
S000007,Kroger,Kroger Site 62,2024-12-11,2024-12-14,2024-12-14,1,3,3,True,0
S000008,Kroger,Kroger Site 48,2024-12-14,2024-12-18,2024-12-18,1,4,4,True,0
S000009,Kroger,Kroger Site 17,2024-12-13,2024-12-16,2024-12-16,1,3,3,True,0
S000010,Kroger,Kroger Site 21,2024-12-14,2024-12-17,2024-12-17,1,3,3,True,0
S000011,Kroger,Kroger Site 64,2024-12-14,2024-12-16,2024-12-18,1,2,4,False,2
S000012,Lex & Co,Lex & Co Site 74,2024-12-15,2024-12-18,2024-12-18,1,3,3,True,0
S000013,Kroger,Kroger Site 17,2024-12-15,2024-12-17,2024-12-17,1,2,2,True,0
S000014,Lex & Co,Lex & Co Site 74,2024-12-16,2024-12-18,2024-12-18,1,2,2,True,0
S000015,Kroger,Kroger Site 17,2024-12-15,2024-12-18,2024-12-18,1,3,3,True,0
S000016,Lex & Co,Lex & Co Site 49,2024-12-18,2024-12-20,2024-12-20,1,2,2,True,0
S000017,Lex & Co,Lex & Co Site 49,2024-12-19,2024-12-23,2024-12-23,1,4,4,True,0
S000018,Kroger,Kroger Site 38,2024-12-20,2024-12-22,2024-12-22,1,2,2,True,0
S000019,Kroger,Kroger Site 75,2024-12-21,2024-12-23,2024-12-23,1,2,2,True,0
S000020,Kroger,Kroger Site 24,2024-12-21,2024-12-23,2024-12-23,1,2,2,True,0
S000021,Kroger,Kroger Site 38,2024-12-21,2024-12-24,2024-12-24,1,3,3,True,0
S000022,Kroger,Kroger Site 71,2024-12-22,2024-12-26,2024-12-26,1,4,4,True,0
S000023,Kroger,Kroger Site 71,2024-12-22,2024-12-24,2024-12-24,1,2,2,True,0
S000024,Lex & Co,Lex & Co Site 41,2024-12-25,2024-12-27,2024-12-27,1,2,2,True,0
S000025,Lex & Co,Lex & Co Site 78,2024-12-23,2024-12-25,2024-12-25,1,2,2,True,0
S000026,Kroger,Kroger Site 32,2024-12-25,2024-12-27,2024-12-27,1,2,2,True,0
S000027,Kroger,Kroger Site 76,2024-12-26,2024-12-29,2024-12-29,1,3,3,True,0
S000028,Kroger,Kroger Site 76,2024-12-28,2024-12-31,2025-01-01,1,3,4,False,1
S000029,Kroger,Kroger Site 76,2024-12-27,2025-01-01,2025-01-01,1,5,5,True,0
S000030,Kroger,Kroger Site 76,2024-12-30,2025-01-01,2025-01-01,1,2,2,True,0
S000031,Kroger,Kroger Site 76,2024-12-30,2025-01-01,2025-01-01,1,2,2,True,0
S000032,Kroger,Kroger Site 8,2024-12-29,2025-01-01,2025-01-01,1,3,3,True,0
S000033,Kroger,Kroger Site 36,2025-01-01,2025-01-03,2025-01-03,1,2,2,True,0
S000034,Lex & Co,Lex & Co Site 62,2024-12-30,2025-01-03,2025-01-03,1,4,4,True,0
S000035,Lex & Co,Lex & Co Site 13,2024-12-31,2025-01-03,2025-01-03,1,3,3,True,0
S000036,Lex & Co,Lex & Co Site 62,2024-12-31,2025-01-02,2025-01-02,1,2,2,True,0
S000037,Lex & Co,Lex & Co Site 62,2025-01-01,2025-01-03,2025-01-03,1,2,2,True,0
S000038,Kroger,Kroger Site 39,2025-01-03,2025-01-06,2025-01-06,1,3,3,True,0
S000039,Kroger,Kroger Site 40,2025-01-05,2025-01-09,2025-01-10,1,4,5,False,1
S000040,Kroger,Kroger Site 51,2025-01-08,2025-01-10,2025-01-10,1,2,2,True,0
S000041,Kroger,Kroger Site 59,2025-01-09,2025-01-11,2025-01-11,1,2,2,True,0
S000042,Kroger,Kroger Site 59,2025-01-09,2025-01-11,2025-01-11,1,2,2,True,0
S000043,Kroger,Kroger Site 6,2025-01-10,2025-01-14,2025-01-14,1,4,4,True,0
S000044,Lex & Co,Lex & Co Site 8,2025-01-10,2025-01-13,2025-01-13,1,3,3,True,0
S000045,Kroger,Kroger Site 3,2025-01-13,2025-01-15,2025-01-15,1,2,2,True,0
S000046,Kroger,Kroger Site 33,2025-01-13,2025-01-15,2025-01-15,1,2,2,True,0
S000047,Kroger,Kroger Site 74,2025-01-13,2025-01-16,2025-01-17,1,3,4,False,1
S000048,Kroger,Kroger Site 57,2025-01-15,2025-01-19,2025-01-19,1,4,4,True,0
S000049,Lex & Co,Lex & Co Site 17,2025-01-15,2025-01-17,2025-01-17,1,2,2,True,0
S000050,Kroger,Kroger Site 42,2025-01-16,2025-01-20,2025-01-20,1,4,4,True,0
S000051,Kroger,Kroger Site 9,2025-01-17,2025-01-19,2025-01-19,1,2,2,True,0
S000052,Kroger,Kroger Site 17,2025-01-19,2025-01-21,2025-01-21,1,2,2,True,0
S000053,Kroger,Kroger Site 25,2025-01-21,2025-01-23,2025-01-23,1,2,2,True,0
S000054,Kroger,Kroger Site 25,2025-01-22,2025-01-26,2025-01-26,1,4,4,True,0
S000055,Kroger,Kroger Site 1,2025-01-21,2025-01-23,2025-01-23,1,2,2,True,0
S000056,Kroger,Kroger Site 53,2025-01-23,2025-01-25,2025-01-25,1,2,2,True,0
S000057,Kroger,Kroger Site 27,2025-01-24,2025-01-26,2025-01-26,1,2,2,True,0
S000058,Kroger,Kroger Site 2,2025-01-25,2025-01-28,2025-01-28,1,3,3,True,0
S000059,Kroger,Kroger Site 21,2025-01-24,2025-01-28,2025-01-28,1,4,4,True,0
S000060,Kroger,Kroger Site 2,2025-01-24,2025-01-28,2025-01-28,1,4,4,True,0
S000061,Kroger,Kroger Site 21,2025-01-26,2025-01-29,2025-01-29,1,3,3,True,0
S000062,Kroger,Kroger Site 40,2025-01-25,2025-01-27,2025-01-28,1,2,3,False,1
S000063,Kroger,Kroger Site 21,2025-01-26,2025-01-30,2025-01-30,1,4,4,True,0
S000064,Lex & Co,Lex & Co Site 28,2025-01-27,2025-01-30,2025-01-30,1,3,3,True,0
S000065,Taxify LLP,Taxify LLP Site 32,2025-01-27,2025-01-29,2025-01-29,1,2,2,True,0
S000066,Lex & Co,Lex & Co Site 5,2025-01-26,2025-01-29,2025-01-29,1,3,3,True,0
S000067,Taxify LLP,Taxify LLP Site 32,2025-01-26,2025-01-28,2025-01-28,1,2,2,True,0
S000068,Lex & Co,Lex & Co Site 5,2025-01-29,2025-01-31,2025-01-31,1,2,2,True,0
S000069,Kroger,Kroger Site 79,2025-01-30,2025-02-01,2025-02-01,1,2,2,True,0
S000070,Kroger,Kroger Site 7,2025-02-01,2025-02-04,2025-02-04,1,3,3,True,0
S000071,Lex & Co,Lex & Co Site 25,2025-01-31,2025-02-03,2025-02-03,1,3,3,True,0
S000072,Taxify LLP,Taxify LLP Site 77,2025-02-01,2025-02-04,2025-02-04,1,3,3,True,0
S000073,Taxify LLP,Taxify LLP Site 19,2025-02-03,2025-02-06,2025-02-06,1,3,3,True,0
S000074,Kroger,Kroger Site 3,2025-02-04,2025-02-06,2025-02-06,1,2,2,True,0
S000075,Kroger,Kroger Site 78,2025-02-02,2025-02-04,2025-02-04,1,2,2,True,0
S000076,Kroger,Kroger Site 3,2025-02-03,2025-02-06,2025-02-06,1,3,3,True,0
S000077,Kroger,Kroger Site 30,2025-02-04,2025-02-08,2025-02-08,1,4,4,True,0
S000078,Lex & Co,Lex & Co Site 68,2025-02-05,2025-02-08,2025-02-08,1,3,3,True,0
S000079,Kroger,Kroger Site 24,2025-02-08,2025-02-10,2025-02-10,1,2,2,True,0
S000080,Kroger,Kroger Site 5,2025-02-06,2025-02-09,2025-02-09,1,3,3,True,0
S000081,Kroger,Kroger Site 70,2025-02-06,2025-02-08,2025-02-08,1,2,2,True,0
S000082,Taxify LLP,Taxify LLP Site 69,2025-02-08,2025-02-10,2025-02-10,1,2,2,True,0
S000083,Kroger,Kroger Site 76,2025-02-10,2025-02-12,2025-02-12,1,2,2,True,0
S000084,Kroger,Kroger Site 76,2025-02-12,2025-02-14,2025-02-14,1,2,2,True,0
S000085,Kroger,Kroger Site 77,2025-02-13,2025-02-16,2025-02-17,1,3,4,False,1
S000086,Taxify LLP,Taxify LLP Site 27,2025-02-11,2025-02-14,2025-02-14,1,3,3,True,0
S000087,Kroger,Kroger Site 56,2025-02-13,2025-02-15,2025-02-15,1,2,2,True,0
S000088,Kroger,Kroger Site 76,2025-02-12,2025-02-14,2025-02-14,1,2,2,True,0
S000089,Taxify LLP,Taxify LLP Site 27,2025-02-13,2025-02-16,2025-02-16,1,3,3,True,0
S000090,Kroger,Kroger Site 20,2025-02-14,2025-02-16,2025-02-18,1,2,4,False,2
S000091,Kroger,Kroger Site 56,2025-02-15,2025-02-17,2025-02-17,1,2,2,True,0
S000092,Lex & Co,Lex & Co Site 48,2025-02-15,2025-02-18,2025-02-18,1,3,3,True,0
S000093,Lex & Co,Lex & Co Site 52,2025-02-16,2025-02-20,2025-02-20,1,4,4,True,0
S000094,Kroger,Kroger Site 16,2025-02-15,2025-02-19,2025-02-19,1,4,4,True,0
S000095,Kroger,Kroger Site 33,2025-02-17,2025-02-19,2025-02-19,1,2,2,True,0
S000096,Kroger,Kroger Site 80,2025-02-16,2025-02-18,2025-02-18,1,2,2,True,0
S000097,Lex & Co,Lex & Co Site 29,2025-02-15,2025-02-19,2025-02-21,1,4,6,False,2
S000098,Lex & Co,Lex & Co Site 51,2025-02-15,2025-02-18,2025-02-18,1,3,3,True,0
S000099,Lex & Co,Lex & Co Site 52,2025-02-16,2025-02-19,2025-02-19,1,3,3,True,0
S000100,Kroger,Kroger Site 49,2025-02-18,2025-02-21,2025-02-21,1,3,3,True,0
S000101,Lex & Co,Lex & Co Site 52,2025-02-17,2025-02-19,2025-02-19,1,2,2,True,0
S000102,Kroger,Kroger Site 10,2025-02-19,2025-02-21,2025-02-21,1,2,2,True,0
S000103,Kroger,Kroger Site 32,2025-02-18,2025-02-22,2025-02-22,1,4,4,True,0
S000104,Kroger,Kroger Site 39,2025-02-18,2025-02-21,2025-02-21,1,3,3,True,0
S000105,Taxify LLP,Taxify LLP Site 12,2025-02-19,2025-02-22,2025-02-22,1,3,3,True,0
S000106,Taxify LLP,Taxify LLP Site 20,2025-02-19,2025-02-21,2025-02-21,1,2,2,True,0
S000107,Kroger,Kroger Site 18,2025-02-20,2025-02-23,2025-02-24,1,3,4,False,1
S000108,Kroger,Kroger Site 34,2025-02-20,2025-02-23,2025-02-23,1,3,3,True,0
S000109,Kroger,Kroger Site 9,2025-02-22,2025-02-26,2025-02-26,1,4,4,True,0
S000110,Taxify LLP,Taxify LLP Site 20,2025-02-22,2025-02-24,2025-02-24,1,2,2,True,0
S000111,Kroger,Kroger Site 29,2025-02-23,2025-02-25,2025-02-25,1,2,2,True,0
S000112,Kroger,Kroger Site 34,2025-02-23,2025-02-26,2025-02-26,1,3,3,True,0
S000113,Taxify LLP,Taxify LLP Site 76,2025-02-23,2025-02-25,2025-02-25,1,2,2,True,0
S000114,Kroger,Kroger Site 73,2025-02-23,2025-02-26,2025-02-26,1,3,3,True,0
S000115,Kroger,Kroger Site 73,2025-02-24,2025-02-26,2025-02-26,1,2,2,True,0
S000116,Kroger,Kroger Site 14,2025-02-25,2025-02-28,2025-02-28,1,3,3,True,0
S000117,Kroger,Kroger Site 62,2025-02-26,2025-02-28,2025-03-02,1,2,4,False,2
S000118,Lex & Co,Lex & Co Site 1,2025-02-25,2025-03-02,2025-03-02,1,5,5,True,0
S000119,Lex & Co,Lex & Co Site 80,2025-02-24,2025-02-28,2025-02-28,1,4,4,True,0
S000120,Taxify LLP,Taxify LLP Site 63,2025-02-24,2025-02-26,2025-02-26,1,2,2,True,0
S000121,Kroger,Kroger Site 33,2025-02-26,2025-02-28,2025-03-01,1,2,3,False,1
S000122,Lex & Co,Lex & Co Site 1,2025-02-26,2025-03-02,2025-03-02,1,4,4,True,0
S000123,Taxify LLP,Taxify LLP Site 31,2025-02-25,2025-02-28,2025-02-28,1,3,3,True,0
S000124,Kroger,Kroger Site 41,2025-02-27,2025-03-02,2025-03-02,1,3,3,True,0
S000125,Kroger,Kroger Site 60,2025-02-26,2025-03-01,2025-03-01,1,3,3,True,0
S000126,Lex & Co,Lex & Co Site 1,2025-02-28,2025-03-02,2025-03-02,1,2,2,True,0
S000127,Lex & Co,Lex & Co Site 35,2025-02-26,2025-03-01,2025-03-02,1,3,4,False,1
S000128,Taxify LLP,Taxify LLP Site 16,2025-02-28,2025-03-04,2025-03-04,1,4,4,True,0
S000129,Taxify LLP,Taxify LLP Site 31,2025-02-28,2025-03-03,2025-03-03,1,3,3,True,0
S000130,Lex & Co,Lex & Co Site 1,2025-03-01,2025-03-05,2025-03-05,1,4,4,True,0
S000131,Lex & Co,Lex & Co Site 21,2025-02-27,2025-03-01,2025-03-03,1,2,4,False,2
S000132,Kroger,Kroger Site 50,2025-03-01,2025-03-06,2025-03-06,1,5,5,True,0
S000133,Kroger,Kroger Site 55,2025-03-02,2025-03-04,2025-03-04,1,2,2,True,0
S000134,Kroger,Kroger Site 46,2025-03-02,2025-03-05,2025-03-05,1,3,3,True,0
S000135,Lex & Co,Lex & Co Site 4,2025-03-04,2025-03-06,2025-03-06,1,2,2,True,0
S000136,Kroger,Kroger Site 14,2025-03-03,2025-03-07,2025-03-07,1,4,4,True,0
S000137,Kroger,Kroger Site 46,2025-03-04,2025-03-09,2025-03-09,2,5,5,True,0
S000138,Kroger,Kroger Site 75,2025-03-05,2025-03-07,2025-03-07,1,2,2,True,0
S000139,Lex & Co,Lex & Co Site 64,2025-03-03,2025-03-06,2025-03-06,1,3,3,True,0
S000140,Taxify LLP,Taxify LLP Site 18,2025-03-03,2025-03-05,2025-03-05,1,2,2,True,0
S000141,Taxify LLP,Taxify LLP Site 36,2025-03-03,2025-03-05,2025-03-06,1,2,3,False,1
S000142,Taxify LLP,Taxify LLP Site 55,2025-03-05,2025-03-07,2025-03-07,1,2,2,True,0
S000143,Taxify LLP,Taxify LLP Site 62,2025-03-04,2025-03-06,2025-03-06,1,2,2,True,0
S000144,Taxify LLP,Taxify LLP Site 55,2025-03-05,2025-03-08,2025-03-10,1,3,5,False,2
S000145,Taxify LLP,Taxify LLP Site 67,2025-03-05,2025-03-08,2025-03-08,1,3,3,True,0
S000146,Taxify LLP,Taxify LLP Site 68,2025-03-05,2025-03-08,2025-03-08,1,3,3,True,0
S000147,Taxify LLP,Taxify LLP Site 9,2025-03-06,2025-03-09,2025-03-09,1,3,3,True,0
S000148,Kroger,Kroger Site 4,2025-03-07,2025-03-10,2025-03-10,1,3,3,True,0
S000149,Kroger,Kroger Site 78,2025-03-08,2025-03-11,2025-03-11,1,3,3,True,0
S000150,Taxify LLP,Taxify LLP Site 1,2025-03-07,2025-03-09,2025-03-09,1,2,2,True,0
S000151,Taxify LLP,Taxify LLP Site 80,2025-03-08,2025-03-12,2025-03-12,1,4,4,True,0
S000152,Kroger,Kroger Site 22,2025-03-10,2025-03-14,2025-03-14,1,4,4,True,0
S000153,Lex & Co,Lex & Co Site 37,2025-03-09,2025-03-11,2025-03-11,1,2,2,True,0
S000154,Lex & Co,Lex & Co Site 61,2025-03-10,2025-03-13,2025-03-13,1,3,3,True,0
S000155,Taxify LLP,Taxify LLP Site 52,2025-03-09,2025-03-11,2025-03-12,1,2,3,False,1
S000156,Taxify LLP,Taxify LLP Site 80,2025-03-11,2025-03-13,2025-03-13,1,2,2,True,0
S000157,Kroger,Kroger Site 60,2025-03-12,2025-03-17,2025-03-17,1,5,5,True,0
S000158,Taxify LLP,Taxify LLP Site 43,2025-03-12,2025-03-14,2025-03-14,1,2,2,True,0
S000159,Lex & Co,Lex & Co Site 71,2025-03-12,2025-03-15,2025-03-15,1,3,3,True,0
S000160,Lex & Co,Lex & Co Site 73,2025-03-12,2025-03-15,2025-03-15,1,3,3,True,0
S000161,Taxify LLP,Taxify LLP Site 57,2025-03-13,2025-03-17,2025-03-17,1,4,4,True,0
S000162,Taxify LLP,Taxify LLP Site 22,2025-03-14,2025-03-17,2025-03-17,1,3,3,True,0
S000163,Taxify LLP,Taxify LLP Site 54,2025-03-12,2025-03-14,2025-03-14,1,2,2,True,0
S000164,Kroger,Kroger Site 28,2025-03-14,2025-03-17,2025-03-17,1,3,3,True,0
S000165,Taxify LLP,Taxify LLP Site 22,2025-03-15,2025-03-17,2025-03-17,1,2,2,True,0
S000166,Taxify LLP,Taxify LLP Site 11,2025-03-14,2025-03-16,2025-03-18,1,2,4,False,2
S000167,Taxify LLP,Taxify LLP Site 29,2025-03-16,2025-03-18,2025-03-18,1,2,2,True,0
S000168,Taxify LLP,Taxify LLP Site 39,2025-03-14,2025-03-16,2025-03-16,1,2,2,True,0
S000169,Kroger,Kroger Site 28,2025-03-17,2025-03-20,2025-03-20,1,3,3,True,0
S000170,Kroger,Kroger Site 36,2025-03-15,2025-03-18,2025-03-20,1,3,5,False,2
S000171,Kroger,Kroger Site 80,2025-03-16,2025-03-19,2025-03-19,1,3,3,True,0
S000172,Kroger,Kroger Site 80,2025-03-18,2025-03-21,2025-03-21,1,3,3,True,0
S000173,Taxify LLP,Taxify LLP Site 24,2025-03-17,2025-03-19,2025-03-19,1,2,2,True,0
S000174,Kroger,Kroger Site 1,2025-03-19,2025-03-21,2025-03-21,5,2,2,True,0
S000175,Kroger,Kroger Site 1,2025-03-20,2025-03-23,2025-03-23,1,3,3,True,0
S000176,Kroger,Kroger Site 1,2025-03-18,2025-03-21,2025-03-22,2,3,4,False,1
S000177,Kroger,Kroger Site 10,2025-03-18,2025-03-21,2025-03-21,2,3,3,True,0
S000178,Kroger,Kroger Site 10,2025-03-18,2025-03-20,2025-03-20,1,2,2,True,0
S000179,Kroger,Kroger Site 10,2025-03-18,2025-03-20,2025-03-20,6,2,2,True,0
S000180,Kroger,Kroger Site 10,2025-03-20,2025-03-25,2025-03-25,4,5,5,True,0
S000181,Kroger,Kroger Site 10,2025-03-18,2025-03-20,2025-03-20,1,2,2,True,0
S000182,Kroger,Kroger Site 11,2025-03-19,2025-03-22,2025-03-22,2,3,3,True,0
S000183,Kroger,Kroger Site 11,2025-03-19,2025-03-22,2025-03-22,3,3,3,True,0
S000184,Kroger,Kroger Site 11,2025-03-19,2025-03-21,2025-03-21,1,2,2,True,0
S000185,Kroger,Kroger Site 11,2025-03-20,2025-03-24,2025-03-25,4,4,5,False,1
S000186,Kroger,Kroger Site 11,2025-03-20,2025-03-23,2025-03-23,7,3,3,True,0
S000187,Kroger,Kroger Site 11,2025-03-18,2025-03-20,2025-03-20,1,2,2,True,0
S000188,Kroger,Kroger Site 11,2025-03-20,2025-03-23,2025-03-23,5,3,3,True,0
S000189,Kroger,Kroger Site 11,2025-03-20,2025-03-22,2025-03-22,6,2,2,True,0
S000190,Kroger,Kroger Site 11,2025-03-19,2025-03-21,2025-03-21,9,2,2,True,0
S000191,Kroger,Kroger Site 11,2025-03-20,2025-03-23,2025-03-23,3,3,3,True,0
S000192,Kroger,Kroger Site 11,2025-03-19,2025-03-24,2025-03-24,3,5,5,True,0
S000193,Kroger,Kroger Site 11,2025-03-20,2025-03-24,2025-03-24,1,4,4,True,0
S000194,Kroger,Kroger Site 12,2025-03-19,2025-03-22,2025-03-23,1,3,4,False,1
S000195,Kroger,Kroger Site 12,2025-03-19,2025-03-23,2025-03-23,6,4,4,True,0
S000196,Kroger,Kroger Site 12,2025-03-20,2025-03-23,2025-03-23,6,3,3,True,0
S000197,Kroger,Kroger Site 12,2025-03-18,2025-03-20,2025-03-20,2,2,2,True,0
S000198,Kroger,Kroger Site 12,2025-03-20,2025-03-23,2025-03-23,4,3,3,True,0
S000199,Kroger,Kroger Site 12,2025-03-20,2025-03-24,2025-03-24,1,4,4,True,0
S000200,Kroger,Kroger Site 13,2025-03-20,2025-03-22,2025-03-22,9,2,2,True,0
S000201,Kroger,Kroger Site 13,2025-03-19,2025-03-22,2025-03-23,2,3,4,False,1
S000202,Kroger,Kroger Site 13,2025-03-18,2025-03-23,2025-03-23,1,5,5,True,0
S000203,Kroger,Kroger Site 14,2025-03-20,2025-03-22,2025-03-22,9,2,2,True,0
S000204,Kroger,Kroger Site 14,2025-03-19,2025-03-21,2025-03-21,4,2,2,True,0
S000205,Kroger,Kroger Site 14,2025-03-20,2025-03-22,2025-03-22,9,2,2,True,0
S000206,Kroger,Kroger Site 14,2025-03-18,2025-03-21,2025-03-21,2,3,3,True,0
S000207,Kroger,Kroger Site 14,2025-03-18,2025-03-21,2025-03-21,7,3,3,True,0
S000208,Kroger,Kroger Site 14,2025-03-19,2025-03-21,2025-03-21,1,2,2,True,0
S000209,Kroger,Kroger Site 15,2025-03-18,2025-03-21,2025-03-21,3,3,3,True,0
S000210,Kroger,Kroger Site 15,2025-03-20,2025-03-22,2025-03-22,9,2,2,True,0
S000211,Kroger,Kroger Site 15,2025-03-19,2025-03-23,2025-03-23,3,4,4,True,0
S000212,Kroger,Kroger Site 15,2025-03-20,2025-03-23,2025-03-23,1,3,3,True,0
S000213,Kroger,Kroger Site 16,2025-03-19,2025-03-23,2025-03-23,4,4,4,True,0
S000214,Kroger,Kroger Site 16,2025-03-18,2025-03-22,2025-03-22,4,4,4,True,0
S000215,Kroger,Kroger Site 16,2025-03-18,2025-03-21,2025-03-21,4,3,3,True,0
S000216,Kroger,Kroger Site 16,2025-03-18,2025-03-20,2025-03-20,1,2,2,True,0
S000217,Kroger,Kroger Site 16,2025-03-20,2025-03-22,2025-03-22,2,2,2,True,0
S000218,Kroger,Kroger Site 16,2025-03-18,2025-03-20,2025-03-21,3,2,3,False,1
S000219,Kroger,Kroger Site 16,2025-03-18,2025-03-20,2025-03-20,1,2,2,True,0
S000220,Kroger,Kroger Site 17,2025-03-19,2025-03-21,2025-03-21,5,2,2,True,0
S000221,Kroger,Kroger Site 17,2025-03-18,2025-03-20,2025-03-20,8,2,2,True,0
S000222,Kroger,Kroger Site 18,2025-03-20,2025-03-22,2025-03-24,10,2,4,False,2
S000223,Kroger,Kroger Site 18,2025-03-20,2025-03-23,2025-03-23,6,3,3,True,0
S000224,Kroger,Kroger Site 18,2025-03-20,2025-03-22,2025-03-22,2,2,2,True,0
S000225,Kroger,Kroger Site 18,2025-03-20,2025-03-23,2025-03-23,1,3,3,True,0
S000226,Kroger,Kroger Site 18,2025-03-18,2025-03-20,2025-03-20,2,2,2,True,0
S000227,Kroger,Kroger Site 19,2025-03-20,2025-03-23,2025-03-23,6,3,3,True,0
S000228,Kroger,Kroger Site 19,2025-03-20,2025-03-23,2025-03-23,10,3,3,True,0
S000229,Kroger,Kroger Site 19,2025-03-18,2025-03-20,2025-03-20,2,2,2,True,0
S000230,Kroger,Kroger Site 2,2025-03-20,2025-03-23,2025-03-23,3,3,3,True,0
S000231,Kroger,Kroger Site 2,2025-03-19,2025-03-21,2025-03-21,6,2,2,True,0
S000232,Kroger,Kroger Site 2,2025-03-19,2025-03-22,2025-03-22,1,3,3,True,0
S000233,Kroger,Kroger Site 2,2025-03-18,2025-03-20,2025-03-20,5,2,2,True,0
S000234,Kroger,Kroger Site 2,2025-03-18,2025-03-20,2025-03-20,1,2,2,True,0
S000235,Kroger,Kroger Site 20,2025-03-19,2025-03-21,2025-03-21,9,2,2,True,0
S000236,Kroger,Kroger Site 20,2025-03-20,2025-03-23,2025-03-24,9,3,4,False,1
S000237,Kroger,Kroger Site 20,2025-03-20,2025-03-24,2025-03-24,9,4,4,True,0
S000238,Kroger,Kroger Site 20,2025-03-18,2025-03-22,2025-03-22,1,4,4,True,0
S000239,Kroger,Kroger Site 20,2025-03-18,2025-03-21,2025-03-21,4,3,3,True,0
S000240,Kroger,Kroger Site 20,2025-03-18,2025-03-20,2025-03-20,1,2,2,True,0
S000241,Kroger,Kroger Site 21,2025-03-19,2025-03-22,2025-03-22,8,3,3,True,0
S000242,Kroger,Kroger Site 21,2025-03-20,2025-03-23,2025-03-23,4,3,3,True,0
S000243,Kroger,Kroger Site 21,2025-03-19,2025-03-21,2025-03-21,1,2,2,True,0
S000244,Kroger,Kroger Site 21,2025-03-19,2025-03-22,2025-03-22,5,3,3,True,0
S000245,Kroger,Kroger Site 21,2025-03-20,2025-03-22,2025-03-24,2,2,4,False,2
S000246,Kroger,Kroger Site 21,2025-03-18,2025-03-21,2025-03-21,1,3,3,True,0
S000247,Kroger,Kroger Site 22,2025-03-20,2025-03-23,2025-03-23,5,3,3,True,0
S000248,Kroger,Kroger Site 22,2025-03-18,2025-03-21,2025-03-21,6,3,3,True,0
S000249,Kroger,Kroger Site 22,2025-03-19,2025-03-22,2025-03-22,1,3,3,True,0
S000250,Kroger,Kroger Site 22,2025-03-20,2025-03-24,2025-03-24,2,4,4,True,0
S000251,Kroger,Kroger Site 22,2025-03-18,2025-03-20,2025-03-20,3,2,2,True,0
S000252,Kroger,Kroger Site 22,2025-03-19,2025-03-23,2025-03-23,1,4,4,True,0
S000253,Kroger,Kroger Site 23,2025-03-19,2025-03-22,2025-03-22,6,3,3,True,0
S000254,Kroger,Kroger Site 23,2025-03-20,2025-03-22,2025-03-22,2,2,2,True,0
S000255,Kroger,Kroger Site 23,2025-03-19,2025-03-24,2025-03-25,7,5,6,False,1
S000256,Kroger,Kroger Site 23,2025-03-20,2025-03-23,2025-03-23,2,3,3,True,0
S000257,Kroger,Kroger Site 23,2025-03-19,2025-03-23,2025-03-24,6,4,5,False,1
S000258,Kroger,Kroger Site 24,2025-03-18,2025-03-20,2025-03-20,3,2,2,True,0
S000259,Kroger,Kroger Site 24,2025-03-20,2025-03-22,2025-03-22,10,2,2,True,0
S000260,Kroger,Kroger Site 24,2025-03-20,2025-03-22,2025-03-23,1,2,3,False,1
S000261,Kroger,Kroger Site 24,2025-03-19,2025-03-22,2025-03-22,6,3,3,True,0
S000262,Kroger,Kroger Site 24,2025-03-18,2025-03-21,2025-03-21,6,3,3,True,0
S000263,Kroger,Kroger Site 24,2025-03-18,2025-03-21,2025-03-22,3,3,4,False,1
S000264,Kroger,Kroger Site 24,2025-03-18,2025-03-21,2025-03-21,2,3,3,True,0
S000265,Kroger,Kroger Site 24,2025-03-20,2025-03-23,2025-03-23,1,3,3,True,0
S000266,Kroger,Kroger Site 24,2025-03-18,2025-03-22,2025-03-22,1,4,4,True,0
S000267,Kroger,Kroger Site 25,2025-03-20,2025-03-22,2025-03-22,3,2,2,True,0
S000268,Kroger,Kroger Site 25,2025-03-18,2025-03-20,2025-03-20,3,2,2,True,0
S000269,Kroger,Kroger Site 25,2025-03-18,2025-03-20,2025-03-20,5,2,2,True,0
S000270,Kroger,Kroger Site 25,2025-03-20,2025-03-22,2025-03-22,10,2,2,True,0
S000271,Kroger,Kroger Site 25,2025-03-20,2025-03-23,2025-03-23,2,3,3,True,0
S000272,Kroger,Kroger Site 25,2025-03-20,2025-03-22,2025-03-23,1,2,3,False,1
S000273,Kroger,Kroger Site 25,2025-03-18,2025-03-22,2025-03-22,2,4,4,True,0
S000274,Kroger,Kroger Site 25,2025-03-19,2025-03-21,2025-03-21,2,2,2,True,0
S000275,Kroger,Kroger Site 26,2025-03-20,2025-03-23,2025-03-23,8,3,3,True,0
S000276,Kroger,Kroger Site 26,2025-03-19,2025-03-22,2025-03-22,6,3,3,True,0
S000277,Kroger,Kroger Site 26,2025-03-18,2025-03-21,2025-03-21,2,3,3,True,0
S000278,Kroger,Kroger Site 26,2025-03-19,2025-03-21,2025-03-21,10,2,2,True,0
S000279,Kroger,Kroger Site 26,2025-03-19,2025-03-21,2025-03-21,3,2,2,True,0
S000280,Kroger,Kroger Site 26,2025-03-19,2025-03-21,2025-03-21,1,2,2,True,0
S000281,Kroger,Kroger Site 26,2025-03-20,2025-03-25,2025-03-25,1,5,5,True,0
S000282,Kroger,Kroger Site 26,2025-03-20,2025-03-24,2025-03-25,3,4,5,False,1
S000283,Kroger,Kroger Site 27,2025-03-20,2025-03-22,2025-03-22,7,2,2,True,0
S000284,Kroger,Kroger Site 28,2025-03-20,2025-03-22,2025-03-22,6,2,2,True,0
S000285,Kroger,Kroger Site 28,2025-03-18,2025-03-21,2025-03-21,1,3,3,True,0
S000286,Kroger,Kroger Site 28,2025-03-20,2025-03-25,2025-03-25,8,5,5,True,0
S000287,Kroger,Kroger Site 28,2025-03-19,2025-03-22,2025-03-22,3,3,3,True,0
S000288,Kroger,Kroger Site 28,2025-03-20,2025-03-24,2025-03-24,3,4,4,True,0
S000289,Kroger,Kroger Site 28,2025-03-20,2025-03-22,2025-03-22,1,2,2,True,0
S000290,Kroger,Kroger Site 29,2025-03-18,2025-03-20,2025-03-20,4,2,2,True,0
S000291,Kroger,Kroger Site 29,2025-03-19,2025-03-22,2025-03-22,4,3,3,True,0
S000292,Kroger,Kroger Site 29,2025-03-18,2025-03-20,2025-03-20,1,2,2,True,0
S000293,Kroger,Kroger Site 29,2025-03-18,2025-03-20,2025-03-20,4,2,2,True,0
S000294,Kroger,Kroger Site 29,2025-03-19,2025-03-23,2025-03-23,2,4,4,True,0
S000295,Kroger,Kroger Site 29,2025-03-19,2025-03-21,2025-03-21,5,2,2,True,0
S000296,Kroger,Kroger Site 29,2025-03-20,2025-03-22,2025-03-22,10,2,2,True,0
S000297,Kroger,Kroger Site 29,2025-03-19,2025-03-23,2025-03-23,4,4,4,True,0
S000298,Kroger,Kroger Site 3,2025-03-18,2025-03-21,2025-03-21,2,3,3,True,0
S000299,Kroger,Kroger Site 3,2025-03-18,2025-03-20,2025-03-20,1,2,2,True,0
S000300,Kroger,Kroger Site 3,2025-03-18,2025-03-20,2025-03-20,2,2,2,True,0
S000301,Kroger,Kroger Site 3,2025-03-19,2025-03-21,2025-03-22,1,2,3,False,1
S000302,Kroger,Kroger Site 30,2025-03-19,2025-03-21,2025-03-21,1,2,2,True,0
S000303,Kroger,Kroger Site 30,2025-03-20,2025-03-24,2025-03-24,10,4,4,True,0
S000304,Kroger,Kroger Site 30,2025-03-19,2025-03-22,2025-03-22,3,3,3,True,0
S000305,Kroger,Kroger Site 30,2025-03-20,2025-03-24,2025-03-24,9,4,4,True,0
S000306,Kroger,Kroger Site 30,2025-03-19,2025-03-22,2025-03-22,2,3,3,True,0
S000307,Kroger,Kroger Site 30,2025-03-20,2025-03-22,2025-03-22,1,2,2,True,0
S000308,Kroger,Kroger Site 31,2025-03-19,2025-03-21,2025-03-21,10,2,2,True,0
S000309,Kroger,Kroger Site 31,2025-03-19,2025-03-23,2025-03-23,1,4,4,True,0
S000310,Kroger,Kroger Site 32,2025-03-19,2025-03-21,2025-03-21,7,2,2,True,0
S000311,Kroger,Kroger Site 32,2025-03-19,2025-03-21,2025-03-21,1,2,2,True,0
S000312,Kroger,Kroger Site 32,2025-03-20,2025-03-22,2025-03-22,5,2,2,True,0
S000313,Kroger,Kroger Site 32,2025-03-19,2025-03-21,2025-03-21,7,2,2,True,0
S000314,Kroger,Kroger Site 32,2025-03-19,2025-03-22,2025-03-22,5,3,3,True,0
S000315,Kroger,Kroger Site 32,2025-03-19,2025-03-21,2025-03-21,9,2,2,True,0
S000316,Kroger,Kroger Site 32,2025-03-19,2025-03-21,2025-03-21,1,2,2,True,0
S000317,Kroger,Kroger Site 32,2025-03-20,2025-03-22,2025-03-22,2,2,2,True,0
S000318,Kroger,Kroger Site 33,2025-03-18,2025-03-21,2025-03-21,10,3,3,True,0
S000319,Kroger,Kroger Site 33,2025-03-20,2025-03-22,2025-03-22,8,2,2,True,0
S000320,Kroger,Kroger Site 33,2025-03-18,2025-03-21,2025-03-21,4,3,3,True,0
S000321,Kroger,Kroger Site 33,2025-03-19,2025-03-23,2025-03-23,7,4,4,True,0
S000322,Kroger,Kroger Site 33,2025-03-20,2025-03-24,2025-03-24,5,4,4,True,0
S000323,Kroger,Kroger Site 33,2025-03-20,2025-03-24,2025-03-24,2,4,4,True,0
S000324,Kroger,Kroger Site 33,2025-03-20,2025-03-24,2025-03-24,7,4,4,True,0
S000325,Kroger,Kroger Site 33,2025-03-20,2025-03-22,2025-03-22,5,2,2,True,0
S000326,Kroger,Kroger Site 33,2025-03-20,2025-03-22,2025-03-22,1,2,2,True,0
S000327,Kroger,Kroger Site 33,2025-03-18,2025-03-20,2025-03-20,1,2,2,True,0
S000328,Kroger,Kroger Site 33,2025-03-20,2025-03-22,2025-03-23,2,2,3,False,1
S000329,Kroger,Kroger Site 34,2025-03-20,2025-03-22,2025-03-22,8,2,2,True,0
S000330,Kroger,Kroger Site 34,2025-03-19,2025-03-21,2025-03-21,7,2,2,True,0
S000331,Kroger,Kroger Site 34,2025-03-18,2025-03-21,2025-03-21,2,3,3,True,0
S000332,Kroger,Kroger Site 34,2025-03-19,2025-03-22,2025-03-22,4,3,3,True,0
S000333,Kroger,Kroger Site 34,2025-03-20,2025-03-25,2025-03-27,6,5,7,False,2
S000334,Kroger,Kroger Site 34,2025-03-19,2025-03-21,2025-03-21,1,2,2,True,0
S000335,Kroger,Kroger Site 34,2025-03-20,2025-03-22,2025-03-23,1,2,3,False,1
S000336,Kroger,Kroger Site 34,2025-03-18,2025-03-21,2025-03-21,1,3,3,True,0
S000337,Kroger,Kroger Site 35,2025-03-18,2025-03-21,2025-03-21,6,3,3,True,0
S000338,Kroger,Kroger Site 35,2025-03-18,2025-03-20,2025-03-20,1,2,2,True,0
S000339,Kroger,Kroger Site 35,2025-03-18,2025-03-21,2025-03-21,1,3,3,True,0
S000340,Kroger,Kroger Site 35,2025-03-18,2025-03-21,2025-03-21,1,3,3,True,0
S000341,Kroger,Kroger Site 36,2025-03-20,2025-03-25,2025-03-25,3,5,5,True,0
S000342,Kroger,Kroger Site 36,2025-03-19,2025-03-21,2025-03-21,10,2,2,True,0
S000343,Kroger,Kroger Site 36,2025-03-20,2025-03-22,2025-03-23,7,2,3,False,1
S000344,Kroger,Kroger Site 36,2025-03-18,2025-03-20,2025-03-20,2,2,2,True,0
S000345,Kroger,Kroger Site 37,2025-03-19,2025-03-21,2025-03-22,2,2,3,False,1
S000346,Kroger,Kroger Site 37,2025-03-18,2025-03-20,2025-03-20,1,2,2,True,0
S000347,Kroger,Kroger Site 37,2025-03-18,2025-03-20,2025-03-20,9,2,2,True,0
S000348,Kroger,Kroger Site 37,2025-03-20,2025-03-24,2025-03-24,5,4,4,True,0
S000349,Kroger,Kroger Site 37,2025-03-19,2025-03-21,2025-03-22,10,2,3,False,1
S000350,Kroger,Kroger Site 37,2025-03-19,2025-03-24,2025-03-25,10,5,6,False,1
S000351,Kroger,Kroger Site 37,2025-03-18,2025-03-21,2025-03-21,2,3,3,True,0
S000352,Kroger,Kroger Site 37,2025-03-19,2025-03-22,2025-03-22,1,3,3,True,0
S000353,Kroger,Kroger Site 38,2025-03-18,2025-03-21,2025-03-21,3,3,3,True,0
S000354,Kroger,Kroger Site 38,2025-03-18,2025-03-21,2025-03-21,5,3,3,True,0
S000355,Kroger,Kroger Site 38,2025-03-20,2025-03-23,2025-03-23,3,3,3,True,0
S000356,Kroger,Kroger Site 38,2025-03-18,2025-03-20,2025-03-20,3,2,2,True,0
S000357,Kroger,Kroger Site 38,2025-03-19,2025-03-22,2025-03-22,1,3,3,True,0
S000358,Kroger,Kroger Site 39,2025-03-18,2025-03-20,2025-03-20,6,2,2,True,0
S000359,Kroger,Kroger Site 39,2025-03-18,2025-03-21,2025-03-21,7,3,3,True,0
S000360,Kroger,Kroger Site 39,2025-03-18,2025-03-20,2025-03-20,6,2,2,True,0
S000361,Kroger,Kroger Site 4,2025-03-18,2025-03-21,2025-03-22,3,3,4,False,1
S000362,Kroger,Kroger Site 4,2025-03-20,2025-03-23,2025-03-23,1,3,3,True,0
S000363,Kroger,Kroger Site 4,2025-03-18,2025-03-22,2025-03-22,8,4,4,True,0
S000364,Kroger,Kroger Site 4,2025-03-19,2025-03-22,2025-03-22,8,3,3,True,0
S000365,Kroger,Kroger Site 4,2025-03-19,2025-03-21,2025-03-21,4,2,2,True,0
S000366,Kroger,Kroger Site 4,2025-03-18,2025-03-21,2025-03-21,7,3,3,True,0
S000367,Kroger,Kroger Site 40,2025-03-20,2025-03-22,2025-03-22,5,2,2,True,0
S000368,Kroger,Kroger Site 40,2025-03-19,2025-03-23,2025-03-23,4,4,4,True,0
S000369,Kroger,Kroger Site 40,2025-03-19,2025-03-21,2025-03-21,4,2,2,True,0
S000370,Kroger,Kroger Site 40,2025-03-20,2025-03-23,2025-03-23,6,3,3,True,0
S000371,Kroger,Kroger Site 40,2025-03-20,2025-03-22,2025-03-22,6,2,2,True,0
S000372,Kroger,Kroger Site 40,2025-03-18,2025-03-20,2025-03-20,1,2,2,True,0
S000373,Kroger,Kroger Site 41,2025-03-20,2025-03-23,2025-03-23,2,3,3,True,0
S000374,Kroger,Kroger Site 41,2025-03-20,2025-03-22,2025-03-22,4,2,2,True,0
S000375,Kroger,Kroger Site 42,2025-03-19,2025-03-21,2025-03-21,1,2,2,True,0
S000376,Kroger,Kroger Site 42,2025-03-19,2025-03-23,2025-03-23,2,4,4,True,0
S000377,Kroger,Kroger Site 43,2025-03-18,2025-03-20,2025-03-20,1,2,2,True,0
S000378,Kroger,Kroger Site 43,2025-03-19,2025-03-22,2025-03-22,4,3,3,True,0
S000379,Kroger,Kroger Site 43,2025-03-20,2025-03-23,2025-03-23,1,3,3,True,0
S000380,Kroger,Kroger Site 43,2025-03-20,2025-03-23,2025-03-23,1,3,3,True,0
S000381,Kroger,Kroger Site 44,2025-03-20,2025-03-25,2025-03-26,5,5,6,False,1
S000382,Kroger,Kroger Site 44,2025-03-19,2025-03-22,2025-03-22,1,3,3,True,0
S000383,Kroger,Kroger Site 44,2025-03-18,2025-03-22,2025-03-22,9,4,4,True,0
S000384,Kroger,Kroger Site 44,2025-03-20,2025-03-22,2025-03-22,2,2,2,True,0
S000385,Kroger,Kroger Site 44,2025-03-20,2025-03-24,2025-03-24,1,4,4,True,0
S000386,Kroger,Kroger Site 45,2025-03-18,2025-03-21,2025-03-21,6,3,3,True,0
S000387,Kroger,Kroger Site 45,2025-03-19,2025-03-21,2025-03-21,4,2,2,True,0
S000388,Kroger,Kroger Site 45,2025-03-18,2025-03-23,2025-03-23,3,5,5,True,0
S000389,Kroger,Kroger Site 45,2025-03-20,2025-03-22,2025-03-22,9,2,2,True,0
S000390,Kroger,Kroger Site 47,2025-03-18,2025-03-21,2025-03-21,5,3,3,True,0
S000391,Kroger,Kroger Site 47,2025-03-18,2025-03-20,2025-03-20,4,2,2,True,0
S000392,Kroger,Kroger Site 47,2025-03-19,2025-03-22,2025-03-22,4,3,3,True,0
S000393,Kroger,Kroger Site 47,2025-03-18,2025-03-20,2025-03-20,2,2,2,True,0
S000394,Kroger,Kroger Site 48,2025-03-19,2025-03-21,2025-03-21,1,2,2,True,0
S000395,Kroger,Kroger Site 48,2025-03-20,2025-03-23,2025-03-23,6,3,3,True,0
S000396,Kroger,Kroger Site 48,2025-03-20,2025-03-23,2025-03-23,2,3,3,True,0
S000397,Kroger,Kroger Site 48,2025-03-20,2025-03-23,2025-03-23,5,3,3,True,0
S000398,Kroger,Kroger Site 48,2025-03-20,2025-03-23,2025-03-23,6,3,3,True,0
S000399,Kroger,Kroger Site 49,2025-03-18,2025-03-20,2025-03-20,8,2,2,True,0
S000400,Kroger,Kroger Site 49,2025-03-20,2025-03-25,2025-03-25,7,5,5,True,0
S000401,Kroger,Kroger Site 49,2025-03-20,2025-03-24,2025-03-24,1,4,4,True,0
S000402,Kroger,Kroger Site 49,2025-03-18,2025-03-20,2025-03-20,1,2,2,True,0
S000403,Kroger,Kroger Site 49,2025-03-20,2025-03-23,2025-03-23,1,3,3,True,0
S000404,Kroger,Kroger Site 49,2025-03-19,2025-03-24,2025-03-24,4,5,5,True,0
S000405,Kroger,Kroger Site 49,2025-03-18,2025-03-20,2025-03-22,1,2,4,False,2
S000406,Kroger,Kroger Site 5,2025-03-18,2025-03-20,2025-03-20,2,2,2,True,0
S000407,Kroger,Kroger Site 5,2025-03-19,2025-03-21,2025-03-21,7,2,2,True,0
S000408,Kroger,Kroger Site 5,2025-03-20,2025-03-22,2025-03-22,2,2,2,True,0
S000409,Kroger,Kroger Site 5,2025-03-18,2025-03-23,2025-03-23,10,5,5,True,0
S000410,Kroger,Kroger Site 5,2025-03-20,2025-03-24,2025-03-24,6,4,4,True,0
S000411,Kroger,Kroger Site 5,2025-03-19,2025-03-22,2025-03-22,4,3,3,True,0
S000412,Kroger,Kroger Site 5,2025-03-18,2025-03-21,2025-03-21,2,3,3,True,0
S000413,Kroger,Kroger Site 50,2025-03-19,2025-03-21,2025-03-21,5,2,2,True,0
S000414,Kroger,Kroger Site 50,2025-03-19,2025-03-21,2025-03-21,3,2,2,True,0
S000415,Kroger,Kroger Site 50,2025-03-19,2025-03-22,2025-03-22,9,3,3,True,0
S000416,Kroger,Kroger Site 50,2025-03-18,2025-03-21,2025-03-21,6,3,3,True,0
S000417,Kroger,Kroger Site 50,2025-03-19,2025-03-21,2025-03-21,1,2,2,True,0
S000418,Kroger,Kroger Site 50,2025-03-20,2025-03-22,2025-03-22,1,2,2,True,0
S000419,Kroger,Kroger Site 51,2025-03-18,2025-03-20,2025-03-20,10,2,2,True,0
S000420,Kroger,Kroger Site 51,2025-03-20,2025-03-22,2025-03-24,6,2,4,False,2
S000421,Kroger,Kroger Site 51,2025-03-20,2025-03-24,2025-03-24,2,4,4,True,0
S000422,Kroger,Kroger Site 51,2025-03-19,2025-03-22,2025-03-22,1,3,3,True,0
S000423,Kroger,Kroger Site 51,2025-03-20,2025-03-24,2025-03-24,1,4,4,True,0
S000424,Kroger,Kroger Site 52,2025-03-18,2025-03-20,2025-03-20,4,2,2,True,0
S000425,Kroger,Kroger Site 52,2025-03-20,2025-03-22,2025-03-22,4,2,2,True,0
S000426,Kroger,Kroger Site 52,2025-03-20,2025-03-24,2025-03-24,1,4,4,True,0
S000427,Kroger,Kroger Site 54,2025-03-19,2025-03-21,2025-03-21,9,2,2,True,0
S000428,Kroger,Kroger Site 54,2025-03-19,2025-03-22,2025-03-22,10,3,3,True,0
S000429,Kroger,Kroger Site 54,2025-03-19,2025-03-21,2025-03-21,5,2,2,True,0
S000430,Kroger,Kroger Site 54,2025-03-18,2025-03-20,2025-03-20,7,2,2,True,0
S000431,Kroger,Kroger Site 54,2025-03-18,2025-03-22,2025-03-22,5,4,4,True,0
S000432,Kroger,Kroger Site 55,2025-03-20,2025-03-23,2025-03-23,1,3,3,True,0
S000433,Kroger,Kroger Site 55,2025-03-19,2025-03-22,2025-03-22,4,3,3,True,0
S000434,Kroger,Kroger Site 55,2025-03-19,2025-03-22,2025-03-22,4,3,3,True,0
S000435,Kroger,Kroger Site 55,2025-03-20,2025-03-23,2025-03-23,4,3,3,True,0
S000436,Kroger,Kroger Site 55,2025-03-19,2025-03-22,2025-03-23,8,3,4,False,1
S000437,Kroger,Kroger Site 56,2025-03-20,2025-03-24,2025-03-24,3,4,4,True,0
S000438,Kroger,Kroger Site 56,2025-03-20,2025-03-23,2025-03-23,4,3,3,True,0
S000439,Kroger,Kroger Site 56,2025-03-18,2025-03-20,2025-03-20,2,2,2,True,0
S000440,Kroger,Kroger Site 56,2025-03-18,2025-03-21,2025-03-21,4,3,3,True,0
S000441,Kroger,Kroger Site 56,2025-03-18,2025-03-22,2025-03-22,2,4,4,True,0
S000442,Kroger,Kroger Site 56,2025-03-19,2025-03-22,2025-03-22,2,3,3,True,0
S000443,Kroger,Kroger Site 56,2025-03-19,2025-03-21,2025-03-21,1,2,2,True,0
S000444,Kroger,Kroger Site 57,2025-03-18,2025-03-21,2025-03-22,3,3,4,False,1
S000445,Kroger,Kroger Site 57,2025-03-18,2025-03-21,2025-03-21,3,3,3,True,0
S000446,Kroger,Kroger Site 57,2025-03-20,2025-03-24,2025-03-24,2,4,4,True,0
S000447,Kroger,Kroger Site 57,2025-03-20,2025-03-23,2025-03-24,2,3,4,False,1
S000448,Kroger,Kroger Site 57,2025-03-20,2025-03-23,2025-03-23,6,3,3,True,0
S000449,Kroger,Kroger Site 57,2025-03-18,2025-03-20,2025-03-20,3,2,2,True,0
S000450,Kroger,Kroger Site 57,2025-03-18,2025-03-22,2025-03-22,5,4,4,True,0
S000451,Kroger,Kroger Site 57,2025-03-19,2025-03-21,2025-03-21,1,2,2,True,0
S000452,Kroger,Kroger Site 58,2025-03-18,2025-03-21,2025-03-21,5,3,3,True,0
S000453,Kroger,Kroger Site 58,2025-03-19,2025-03-21,2025-03-21,3,2,2,True,0
S000454,Kroger,Kroger Site 58,2025-03-19,2025-03-22,2025-03-22,1,3,3,True,0
S000455,Kroger,Kroger Site 59,2025-03-19,2025-03-22,2025-03-22,7,3,3,True,0
S000456,Kroger,Kroger Site 59,2025-03-18,2025-03-21,2025-03-21,1,3,3,True,0
S000457,Kroger,Kroger Site 59,2025-03-19,2025-03-22,2025-03-22,3,3,3,True,0
S000458,Kroger,Kroger Site 59,2025-03-20,2025-03-23,2025-03-23,9,3,3,True,0
S000459,Kroger,Kroger Site 59,2025-03-20,2025-03-23,2025-03-23,1,3,3,True,0
S000460,Kroger,Kroger Site 59,2025-03-19,2025-03-22,2025-03-23,3,3,4,False,1
S000461,Kroger,Kroger Site 59,2025-03-19,2025-03-21,2025-03-21,9,2,2,True,0
S000462,Kroger,Kroger Site 59,2025-03-18,2025-03-20,2025-03-20,2,2,2,True,0
S000463,Kroger,Kroger Site 59,2025-03-19,2025-03-21,2025-03-21,2,2,2,True,0
S000464,Kroger,Kroger Site 59,2025-03-18,2025-03-22,2025-03-22,5,4,4,True,0
S000465,Kroger,Kroger Site 59,2025-03-20,2025-03-22,2025-03-22,1,2,2,True,0
S000466,Kroger,Kroger Site 59,2025-03-18,2025-03-22,2025-03-23,1,4,5,False,1
S000467,Kroger,Kroger Site 6,2025-03-20,2025-03-23,2025-03-23,6,3,3,True,0
S000468,Kroger,Kroger Site 6,2025-03-20,2025-03-23,2025-03-23,2,3,3,True,0
S000469,Kroger,Kroger Site 6,2025-03-20,2025-03-25,2025-03-25,2,5,5,True,0
S000470,Kroger,Kroger Site 6,2025-03-18,2025-03-20,2025-03-20,5,2,2,True,0
S000471,Kroger,Kroger Site 6,2025-03-20,2025-03-22,2025-03-22,2,2,2,True,0
S000472,Kroger,Kroger Site 6,2025-03-19,2025-03-21,2025-03-21,4,2,2,True,0
S000473,Kroger,Kroger Site 6,2025-03-18,2025-03-20,2025-03-20,6,2,2,True,0
S000474,Kroger,Kroger Site 6,2025-03-18,2025-03-20,2025-03-20,5,2,2,True,0
S000475,Kroger,Kroger Site 6,2025-03-19,2025-03-22,2025-03-22,10,3,3,True,0
S000476,Kroger,Kroger Site 6,2025-03-20,2025-03-23,2025-03-23,1,3,3,True,0
S000477,Kroger,Kroger Site 60,2025-03-18,2025-03-20,2025-03-20,6,2,2,True,0
S000478,Kroger,Kroger Site 60,2025-03-19,2025-03-23,2025-03-23,1,4,4,True,0
S000479,Kroger,Kroger Site 60,2025-03-18,2025-03-21,2025-03-21,1,3,3,True,0
S000480,Kroger,Kroger Site 61,2025-03-20,2025-03-23,2025-03-23,3,3,3,True,0
S000481,Kroger,Kroger Site 61,2025-03-18,2025-03-21,2025-03-22,8,3,4,False,1
S000482,Kroger,Kroger Site 61,2025-03-19,2025-03-21,2025-03-21,3,2,2,True,0
S000483,Kroger,Kroger Site 61,2025-03-18,2025-03-21,2025-03-22,1,3,4,False,1
S000484,Kroger,Kroger Site 61,2025-03-19,2025-03-21,2025-03-21,2,2,2,True,0
S000485,Kroger,Kroger Site 62,2025-03-20,2025-03-24,2025-03-24,1,4,4,True,0
S000486,Kroger,Kroger Site 62,2025-03-19,2025-03-22,2025-03-22,4,3,3,True,0
S000487,Kroger,Kroger Site 62,2025-03-18,2025-03-20,2025-03-20,5,2,2,True,0
S000488,Kroger,Kroger Site 62,2025-03-20,2025-03-22,2025-03-22,6,2,2,True,0
S000489,Kroger,Kroger Site 62,2025-03-19,2025-03-21,2025-03-21,1,2,2,True,0
S000490,Kroger,Kroger Site 62,2025-03-18,2025-03-20,2025-03-20,8,2,2,True,0
S000491,Kroger,Kroger Site 62,2025-03-18,2025-03-21,2025-03-21,2,3,3,True,0
S000492,Kroger,Kroger Site 62,2025-03-18,2025-03-21,2025-03-21,1,3,3,True,0
S000493,Kroger,Kroger Site 63,2025-03-20,2025-03-25,2025-03-25,2,5,5,True,0
S000494,Kroger,Kroger Site 63,2025-03-18,2025-03-20,2025-03-20,2,2,2,True,0
S000495,Kroger,Kroger Site 63,2025-03-20,2025-03-23,2025-03-23,1,3,3,True,0
S000496,Kroger,Kroger Site 63,2025-03-18,2025-03-20,2025-03-20,1,2,2,True,0
S000497,Kroger,Kroger Site 64,2025-03-20,2025-03-23,2025-03-23,2,3,3,True,0
S000498,Kroger,Kroger Site 64,2025-03-19,2025-03-23,2025-03-23,3,4,4,True,0
S000499,Kroger,Kroger Site 64,2025-03-19,2025-03-21,2025-03-22,3,2,3,False,1
S000500,Kroger,Kroger Site 64,2025-03-20,2025-03-22,2025-03-22,5,2,2,True,0
S000501,Kroger,Kroger Site 64,2025-03-20,2025-03-22,2025-03-22,1,2,2,True,0
S000502,Kroger,Kroger Site 65,2025-03-20,2025-03-23,2025-03-23,9,3,3,True,0
S000503,Kroger,Kroger Site 65,2025-03-20,2025-03-22,2025-03-22,3,2,2,True,0
S000504,Kroger,Kroger Site 65,2025-03-20,2025-03-23,2025-03-23,5,3,3,True,0
S000505,Kroger,Kroger Site 65,2025-03-18,2025-03-21,2025-03-21,1,3,3,True,0
S000506,Kroger,Kroger Site 66,2025-03-20,2025-03-23,2025-03-23,3,3,3,True,0
S000507,Kroger,Kroger Site 66,2025-03-19,2025-03-21,2025-03-21,1,2,2,True,0
S000508,Kroger,Kroger Site 66,2025-03-20,2025-03-23,2025-03-23,7,3,3,True,0
S000509,Kroger,Kroger Site 66,2025-03-19,2025-03-22,2025-03-22,5,3,3,True,0
S000510,Kroger,Kroger Site 66,2025-03-18,2025-03-22,2025-03-22,6,4,4,True,0
S000511,Kroger,Kroger Site 66,2025-03-19,2025-03-21,2025-03-21,3,2,2,True,0
S000512,Kroger,Kroger Site 66,2025-03-18,2025-03-20,2025-03-20,1,2,2,True,0
S000513,Kroger,Kroger Site 67,2025-03-20,2025-03-22,2025-03-22,7,2,2,True,0
S000514,Kroger,Kroger Site 67,2025-03-19,2025-03-23,2025-03-23,5,4,4,True,0
S000515,Kroger,Kroger Site 67,2025-03-19,2025-03-22,2025-03-24,1,3,5,False,2
S000516,Kroger,Kroger Site 68,2025-03-20,2025-03-23,2025-03-23,9,3,3,True,0
S000517,Kroger,Kroger Site 68,2025-03-19,2025-03-22,2025-03-22,10,3,3,True,0
S000518,Kroger,Kroger Site 69,2025-03-19,2025-03-21,2025-03-21,5,2,2,True,0
S000519,Kroger,Kroger Site 69,2025-03-20,2025-03-22,2025-03-22,3,2,2,True,0
S000520,Kroger,Kroger Site 69,2025-03-19,2025-03-24,2025-03-24,4,5,5,True,0
S000521,Kroger,Kroger Site 7,2025-03-19,2025-03-22,2025-03-22,2,3,3,True,0
S000522,Kroger,Kroger Site 7,2025-03-18,2025-03-20,2025-03-20,7,2,2,True,0
S000523,Kroger,Kroger Site 7,2025-03-18,2025-03-20,2025-03-20,2,2,2,True,0
S000524,Kroger,Kroger Site 7,2025-03-18,2025-03-21,2025-03-21,2,3,3,True,0
S000525,Kroger,Kroger Site 7,2025-03-18,2025-03-21,2025-03-21,1,3,3,True,0
S000526,Kroger,Kroger Site 7,2025-03-19,2025-03-23,2025-03-23,1,4,4,True,0
S000527,Kroger,Kroger Site 70,2025-03-18,2025-03-21,2025-03-21,9,3,3,True,0
S000528,Kroger,Kroger Site 70,2025-03-19,2025-03-22,2025-03-22,10,3,3,True,0
S000529,Kroger,Kroger Site 71,2025-03-19,2025-03-23,2025-03-23,6,4,4,True,0
S000530,Kroger,Kroger Site 71,2025-03-19,2025-03-23,2025-03-23,3,4,4,True,0
S000531,Kroger,Kroger Site 71,2025-03-20,2025-03-22,2025-03-22,7,2,2,True,0
S000532,Kroger,Kroger Site 71,2025-03-20,2025-03-22,2025-03-22,5,2,2,True,0
S000533,Kroger,Kroger Site 71,2025-03-19,2025-03-22,2025-03-22,1,3,3,True,0
S000534,Kroger,Kroger Site 72,2025-03-20,2025-03-23,2025-03-23,7,3,3,True,0
S000535,Kroger,Kroger Site 72,2025-03-18,2025-03-21,2025-03-21,7,3,3,True,0
S000536,Kroger,Kroger Site 73,2025-03-20,2025-03-22,2025-03-22,4,2,2,True,0
S000537,Kroger,Kroger Site 73,2025-03-20,2025-03-23,2025-03-23,1,3,3,True,0
S000538,Kroger,Kroger Site 73,2025-03-19,2025-03-21,2025-03-21,1,2,2,True,0
S000539,Kroger,Kroger Site 73,2025-03-19,2025-03-22,2025-03-22,3,3,3,True,0
S000540,Kroger,Kroger Site 73,2025-03-20,2025-03-23,2025-03-23,2,3,3,True,0
S000541,Kroger,Kroger Site 73,2025-03-18,2025-03-20,2025-03-20,3,2,2,True,0
S000542,Kroger,Kroger Site 75,2025-03-19,2025-03-21,2025-03-21,2,2,2,True,0
S000543,Kroger,Kroger Site 75,2025-03-20,2025-03-24,2025-03-24,4,4,4,True,0
S000544,Kroger,Kroger Site 76,2025-03-19,2025-03-23,2025-03-23,3,4,4,True,0
S000545,Kroger,Kroger Site 76,2025-03-19,2025-03-22,2025-03-22,8,3,3,True,0
S000546,Kroger,Kroger Site 76,2025-03-19,2025-03-21,2025-03-21,8,2,2,True,0
S000547,Kroger,Kroger Site 76,2025-03-18,2025-03-20,2025-03-20,3,2,2,True,0
S000548,Kroger,Kroger Site 77,2025-03-20,2025-03-22,2025-03-22,5,2,2,True,0
S000549,Kroger,Kroger Site 77,2025-03-19,2025-03-22,2025-03-22,8,3,3,True,0
S000550,Kroger,Kroger Site 77,2025-03-20,2025-03-22,2025-03-22,7,2,2,True,0
S000551,Kroger,Kroger Site 78,2025-03-19,2025-03-22,2025-03-24,3,3,5,False,2
S000552,Kroger,Kroger Site 78,2025-03-20,2025-03-22,2025-03-22,7,2,2,True,0
S000553,Kroger,Kroger Site 78,2025-03-20,2025-03-24,2025-03-25,9,4,5,False,1
S000554,Kroger,Kroger Site 78,2025-03-20,2025-03-23,2025-03-23,3,3,3,True,0
S000555,Kroger,Kroger Site 78,2025-03-20,2025-03-22,2025-03-22,5,2,2,True,0
S000556,Kroger,Kroger Site 78,2025-03-19,2025-03-22,2025-03-23,1,3,4,False,1
S000557,Kroger,Kroger Site 79,2025-03-19,2025-03-21,2025-03-22,2,2,3,False,1
S000558,Kroger,Kroger Site 79,2025-03-18,2025-03-20,2025-03-20,5,2,2,True,0
S000559,Kroger,Kroger Site 79,2025-03-20,2025-03-23,2025-03-25,3,3,5,False,2
S000560,Kroger,Kroger Site 8,2025-03-19,2025-03-22,2025-03-22,3,3,3,True,0
S000561,Kroger,Kroger Site 8,2025-03-18,2025-03-20,2025-03-20,1,2,2,True,0
S000562,Kroger,Kroger Site 8,2025-03-19,2025-03-21,2025-03-22,3,2,3,False,1
S000563,Kroger,Kroger Site 8,2025-03-18,2025-03-21,2025-03-21,2,3,3,True,0
S000564,Kroger,Kroger Site 8,2025-03-18,2025-03-21,2025-03-21,2,3,3,True,0
S000565,Kroger,Kroger Site 8,2025-03-18,2025-03-20,2025-03-20,9,2,2,True,0
S000566,Kroger,Kroger Site 8,2025-03-19,2025-03-21,2025-03-21,5,2,2,True,0
S000567,Kroger,Kroger Site 80,2025-03-18,2025-03-20,2025-03-20,9,2,2,True,0
S000568,Kroger,Kroger Site 80,2025-03-20,2025-03-22,2025-03-22,3,2,2,True,0
S000569,Kroger,Kroger Site 9,2025-03-18,2025-03-20,2025-03-20,5,2,2,True,0
S000570,Kroger,Kroger Site 9,2025-03-20,2025-03-22,2025-03-24,8,2,4,False,2
S000571,Kroger,Kroger Site 9,2025-03-18,2025-03-20,2025-03-20,1,2,2,True,0
S000572,Kroger,Kroger Site 9,2025-03-20,2025-03-22,2025-03-22,4,2,2,True,0
S000573,Kroger,Kroger Site 9,2025-03-19,2025-03-21,2025-03-21,4,2,2,True,0
S000574,Kroger,Kroger Site 9,2025-03-19,2025-03-21,2025-03-21,2,2,2,True,0
S000575,Kroger,Kroger Site 9,2025-03-18,2025-03-20,2025-03-20,1,2,2,True,0
S000576,Lex & Co,Lex & Co Site 75,2025-03-19,2025-03-22,2025-03-22,1,3,3,True,0
S000577,Taxify LLP,Taxify LLP Site 24,2025-03-19,2025-03-21,2025-03-21,1,2,2,True,0
S000578,Kroger,Kroger Site 12,2025-03-21,2025-03-23,2025-03-23,1,2,2,True,0
S000579,Kroger,Kroger Site 67,2025-03-19,2025-03-22,2025-03-22,1,3,3,True,0
S000580,Lex & Co,Lex & Co Site 22,2025-03-21,2025-03-23,2025-03-23,1,2,2,True,0
S000581,Taxify LLP,Taxify LLP Site 24,2025-03-21,2025-03-23,2025-03-23,1,2,2,True,0
S000582,Lex & Co,Lex & Co Site 14,2025-03-21,2025-03-24,2025-03-24,1,3,3,True,0
S000583,Lex & Co,Lex & Co Site 47,2025-03-21,2025-03-23,2025-03-23,1,2,2,True,0
S000584,Taxify LLP,Taxify LLP Site 59,2025-03-20,2025-03-24,2025-03-24,1,4,4,True,0
S000585,Kroger,Kroger Site 43,2025-03-23,2025-03-25,2025-03-25,1,2,2,True,0
S000586,Taxify LLP,Taxify LLP Site 65,2025-03-22,2025-03-24,2025-03-24,1,2,2,True,0
S000587,Kroger,Kroger Site 17,2025-03-23,2025-03-25,2025-03-25,1,2,2,True,0
S000588,Kroger,Kroger Site 20,2025-03-23,2025-03-25,2025-03-26,1,2,3,False,1
S000589,Kroger,Kroger Site 60,2025-03-22,2025-03-24,2025-03-24,1,2,2,True,0
S000590,Kroger,Kroger Site 54,2025-03-23,2025-03-25,2025-03-25,1,2,2,True,0
S000591,Kroger,Kroger Site 60,2025-03-23,2025-03-26,2025-03-26,1,3,3,True,0
S000592,Kroger,Kroger Site 35,2025-03-25,2025-03-30,2025-03-30,1,5,5,True,0
S000593,Lex & Co,Lex & Co Site 17,2025-03-25,2025-03-28,2025-03-28,1,3,3,True,0
S000594,Lex & Co,Lex & Co Site 39,2025-03-27,2025-03-29,2025-03-29,1,2,2,True,0
S000595,Kroger,Kroger Site 62,2025-03-26,2025-03-29,2025-03-29,1,3,3,True,0
S000596,Lex & Co,Lex & Co Site 39,2025-03-26,2025-03-28,2025-03-28,1,2,2,True,0
S000597,Kroger,Kroger Site 48,2025-03-27,2025-03-30,2025-03-30,1,3,3,True,0
S000598,Lex & Co,Lex & Co Site 20,2025-03-29,2025-04-01,2025-04-01,1,3,3,True,0
S000599,Lex & Co,Lex & Co Site 32,2025-03-28,2025-04-01,2025-04-01,1,4,4,True,0
S000600,Lex & Co,Lex & Co Site 39,2025-03-29,2025-04-01,2025-04-01,1,3,3,True,0
S000601,Taxify LLP,Taxify LLP Site 58,2025-03-27,2025-03-31,2025-04-01,1,4,5,False,1
S000602,Kroger,Kroger Site 13,2025-03-30,2025-04-01,2025-04-01,1,2,2,True,0
S000603,Kroger,Kroger Site 29,2025-03-28,2025-04-01,2025-04-01,1,4,4,True,0
S000604,Kroger,Kroger Site 11,2025-03-31,2025-04-02,2025-04-02,1,2,2,True,0
S000605,Kroger,Kroger Site 13,2025-03-29,2025-03-31,2025-04-01,1,2,3,False,1
S000606,Kroger,Kroger Site 58,2025-03-31,2025-04-03,2025-04-03,1,3,3,True,0
S000607,Lex & Co,Lex & Co Site 74,2025-03-29,2025-03-31,2025-03-31,1,2,2,True,0
S000608,Kroger,Kroger Site 18,2025-03-30,2025-04-01,2025-04-01,1,2,2,True,0
S000609,Kroger,Kroger Site 58,2025-03-31,2025-04-02,2025-04-02,1,2,2,True,0
S000610,Kroger,Kroger Site 64,2025-03-30,2025-04-02,2025-04-02,1,3,3,True,0
S000611,Kroger,Kroger Site 34,2025-04-02,2025-04-04,2025-04-04,1,2,2,True,0
S000612,Kroger,Kroger Site 47,2025-04-01,2025-04-03,2025-04-03,1,2,2,True,0
S000613,Kroger,Kroger Site 51,2025-03-31,2025-04-02,2025-04-02,1,2,2,True,0
S000614,Kroger,Kroger Site 64,2025-03-31,2025-04-02,2025-04-02,1,2,2,True,0
S000615,Taxify LLP,Taxify LLP Site 32,2025-04-01,2025-04-04,2025-04-04,1,3,3,True,0
S000616,Kroger,Kroger Site 45,2025-04-03,2025-04-05,2025-04-05,1,2,2,True,0
S000617,Kroger,Kroger Site 47,2025-04-04,2025-04-08,2025-04-08,1,4,4,True,0
S000618,Kroger,Kroger Site 48,2025-04-04,2025-04-07,2025-04-07,1,3,3,True,0
S000619,Lex & Co,Lex & Co Site 79,2025-04-04,2025-04-06,2025-04-06,1,2,2,True,0
S000620,Taxify LLP,Taxify LLP Site 63,2025-04-03,2025-04-06,2025-04-06,1,3,3,True,0
S000621,Kroger,Kroger Site 21,2025-04-05,2025-04-07,2025-04-07,1,2,2,True,0
S000622,Kroger,Kroger Site 21,2025-04-04,2025-04-07,2025-04-07,1,3,3,True,0
S000623,Lex & Co,Lex & Co Site 59,2025-04-05,2025-04-07,2025-04-07,1,2,2,True,0
S000624,Kroger,Kroger Site 17,2025-04-07,2025-04-11,2025-04-11,1,4,4,True,0
S000625,Taxify LLP,Taxify LLP Site 17,2025-04-07,2025-04-12,2025-04-12,1,5,5,True,0
S000626,Kroger,Kroger Site 5,2025-04-06,2025-04-08,2025-04-08,1,2,2,True,0
S000627,Kroger,Kroger Site 3,2025-04-07,2025-04-09,2025-04-09,1,2,2,True,0
S000628,Taxify LLP,Taxify LLP Site 19,2025-04-08,2025-04-11,2025-04-11,1,3,3,True,0
S000629,Kroger,Kroger Site 2,2025-04-09,2025-04-11,2025-04-12,1,2,3,False,1
S000630,Taxify LLP,Taxify LLP Site 77,2025-04-10,2025-04-12,2025-04-12,1,2,2,True,0
S000631,Kroger,Kroger Site 74,2025-04-10,2025-04-12,2025-04-12,1,2,2,True,0
S000632,Lex & Co,Lex & Co Site 49,2025-04-09,2025-04-14,2025-04-14,1,5,5,True,0
S000633,Lex & Co,Lex & Co Site 56,2025-04-10,2025-04-12,2025-04-12,1,2,2,True,0
S000634,Lex & Co,Lex & Co Site 7,2025-04-10,2025-04-13,2025-04-13,1,3,3,True,0
S000635,Taxify LLP,Taxify LLP Site 25,2025-04-09,2025-04-11,2025-04-11,1,2,2,True,0
S000636,Lex & Co,Lex & Co Site 55,2025-04-12,2025-04-14,2025-04-14,1,2,2,True,0
S000637,Lex & Co,Lex & Co Site 56,2025-04-11,2025-04-16,2025-04-16,1,5,5,True,0
S000638,Lex & Co,Lex & Co Site 67,2025-04-12,2025-04-15,2025-04-15,1,3,3,True,0
S000639,Taxify LLP,Taxify LLP Site 48,2025-04-12,2025-04-14,2025-04-14,1,2,2,True,0
S000640,Kroger,Kroger Site 48,2025-04-12,2025-04-15,2025-04-15,1,3,3,True,0
S000641,Lex & Co,Lex & Co Site 55,2025-04-11,2025-04-14,2025-04-14,1,3,3,True,0
S000642,Taxify LLP,Taxify LLP Site 48,2025-04-11,2025-04-13,2025-04-13,1,2,2,True,0
S000643,Taxify LLP,Taxify LLP Site 60,2025-04-11,2025-04-14,2025-04-14,1,3,3,True,0
S000644,Kroger,Kroger Site 10,2025-04-13,2025-04-18,2025-04-18,1,5,5,True,0
S000645,Kroger,Kroger Site 22,2025-04-14,2025-04-18,2025-04-18,1,4,4,True,0
S000646,Taxify LLP,Taxify LLP Site 21,2025-04-13,2025-04-16,2025-04-16,1,3,3,True,0
S000647,Taxify LLP,Taxify LLP Site 37,2025-04-13,2025-04-16,2025-04-16,1,3,3,True,0
S000648,Kroger,Kroger Site 1,2025-04-15,2025-04-19,2025-04-19,1,4,4,True,0
S000649,Kroger,Kroger Site 10,2025-04-13,2025-04-15,2025-04-15,1,2,2,True,0
S000650,Kroger,Kroger Site 30,2025-04-14,2025-04-18,2025-04-18,1,4,4,True,0
S000651,Kroger,Kroger Site 66,2025-04-15,2025-04-17,2025-04-17,1,2,2,True,0
S000652,Taxify LLP,Taxify LLP Site 21,2025-04-14,2025-04-16,2025-04-16,1,2,2,True,0
S000653,Taxify LLP,Taxify LLP Site 30,2025-04-14,2025-04-18,2025-04-18,1,4,4,True,0
S000654,Taxify LLP,Taxify LLP Site 37,2025-04-13,2025-04-16,2025-04-16,1,3,3,True,0
S000655,Kroger,Kroger Site 1,2025-04-16,2025-04-18,2025-04-18,1,2,2,True,0
S000656,Kroger,Kroger Site 47,2025-04-14,2025-04-17,2025-04-17,1,3,3,True,0
S000657,Kroger,Kroger Site 6,2025-04-14,2025-04-16,2025-04-17,1,2,3,False,1
S000658,Kroger,Kroger Site 66,2025-04-15,2025-04-18,2025-04-19,1,3,4,False,1
S000659,Lex & Co,Lex & Co Site 31,2025-04-16,2025-04-18,2025-04-18,1,2,2,True,0
S000660,Taxify LLP,Taxify LLP Site 30,2025-04-14,2025-04-16,2025-04-16,1,2,2,True,0
S000661,Kroger,Kroger Site 43,2025-04-15,2025-04-18,2025-04-18,1,3,3,True,0
S000662,Kroger,Kroger Site 58,2025-04-17,2025-04-19,2025-04-19,1,2,2,True,0
S000663,Taxify LLP,Taxify LLP Site 73,2025-04-15,2025-04-17,2025-04-18,1,2,3,False,1
S000664,Kroger,Kroger Site 22,2025-04-16,2025-04-18,2025-04-19,1,2,3,False,1
S000665,Kroger,Kroger Site 38,2025-04-17,2025-04-19,2025-04-19,1,2,2,True,0
S000666,Kroger,Kroger Site 53,2025-04-17,2025-04-20,2025-04-20,1,3,3,True,0
S000667,Taxify LLP,Taxify LLP Site 35,2025-04-18,2025-04-20,2025-04-20,1,2,2,True,0
S000668,Kroger,Kroger Site 22,2025-04-19,2025-04-21,2025-04-21,1,2,2,True,0
S000669,Kroger,Kroger Site 16,2025-04-21,2025-04-24,2025-04-24,1,3,3,True,0
S000670,Kroger,Kroger Site 24,2025-04-21,2025-04-24,2025-04-24,1,3,3,True,0
S000671,Kroger,Kroger Site 75,2025-04-20,2025-04-24,2025-04-24,1,4,4,True,0
S000672,Kroger,Kroger Site 8,2025-04-20,2025-04-24,2025-04-24,1,4,4,True,0
S000673,Lex & Co,Lex & Co Site 58,2025-04-21,2025-04-25,2025-04-25,1,4,4,True,0
S000674,Taxify LLP,Taxify LLP Site 69,2025-04-20,2025-04-22,2025-04-22,1,2,2,True,0
S000675,Kroger,Kroger Site 16,2025-04-21,2025-04-23,2025-04-23,1,2,2,True,0
S000676,Kroger,Kroger Site 18,2025-04-20,2025-04-22,2025-04-22,1,2,2,True,0
S000677,Kroger,Kroger Site 50,2025-04-20,2025-04-22,2025-04-22,1,2,2,True,0
S000678,Lex & Co,Lex & Co Site 58,2025-04-20,2025-04-22,2025-04-23,1,2,3,False,1
S000679,Kroger,Kroger Site 16,2025-04-23,2025-04-25,2025-04-25,1,2,2,True,0
S000680,Taxify LLP,Taxify LLP Site 14,2025-04-22,2025-04-24,2025-04-24,1,2,2,True,0
S000681,Kroger,Kroger Site 16,2025-04-24,2025-04-26,2025-04-27,1,2,3,False,1
S000682,Kroger,Kroger Site 25,2025-04-22,2025-04-24,2025-04-24,1,2,2,True,0
S000683,Lex & Co,Lex & Co Site 2,2025-04-24,2025-04-26,2025-04-26,1,2,2,True,0
S000684,Lex & Co,Lex & Co Site 41,2025-04-22,2025-04-25,2025-04-25,1,3,3,True,0
S000685,Taxify LLP,Taxify LLP Site 2,2025-04-22,2025-04-25,2025-04-25,1,3,3,True,0
S000686,Taxify LLP,Taxify LLP Site 7,2025-04-22,2025-04-25,2025-04-26,1,3,4,False,1
S000687,Taxify LLP,Taxify LLP Site 79,2025-04-22,2025-04-25,2025-04-25,1,3,3,True,0
S000688,Kroger,Kroger Site 24,2025-04-24,2025-04-27,2025-04-27,1,3,3,True,0
S000689,Kroger,Kroger Site 45,2025-04-23,2025-04-26,2025-04-27,1,3,4,False,1
S000690,Kroger,Kroger Site 32,2025-04-26,2025-04-28,2025-04-28,1,2,2,True,0
S000691,Kroger,Kroger Site 45,2025-04-26,2025-04-29,2025-04-29,1,3,3,True,0
S000692,Kroger,Kroger Site 71,2025-04-26,2025-04-29,2025-04-29,1,3,3,True,0
S000693,Lex & Co,Lex & Co Site 78,2025-04-26,2025-04-29,2025-04-29,1,3,3,True,0
S000694,Taxify LLP,Taxify LLP Site 3,2025-04-26,2025-04-28,2025-04-28,1,2,2,True,0
S000695,Taxify LLP,Taxify LLP Site 53,2025-04-26,2025-04-29,2025-04-29,1,3,3,True,0
S000696,Taxify LLP,Taxify LLP Site 66,2025-04-25,2025-04-28,2025-04-28,1,3,3,True,0
S000697,Kroger,Kroger Site 38,2025-04-27,2025-04-29,2025-04-30,1,2,3,False,1
S000698,Kroger,Kroger Site 71,2025-04-25,2025-04-29,2025-04-29,1,4,4,True,0
S000699,Taxify LLP,Taxify LLP Site 46,2025-04-25,2025-04-27,2025-04-27,1,2,2,True,0
S000700,Kroger,Kroger Site 47,2025-04-26,2025-04-28,2025-04-28,1,2,2,True,0
S000701,Kroger,Kroger Site 54,2025-04-27,2025-04-29,2025-04-29,1,2,2,True,0
S000702,Taxify LLP,Taxify LLP Site 71,2025-04-27,2025-04-30,2025-04-30,1,3,3,True,0
S000703,Kroger,Kroger Site 47,2025-04-29,2025-05-03,2025-05-03,1,4,4,True,0
S000704,Kroger,Kroger Site 49,2025-04-29,2025-05-03,2025-05-03,1,4,4,True,0
S000705,Kroger,Kroger Site 52,2025-04-29,2025-05-02,2025-05-02,1,3,3,True,0
S000706,Taxify LLP,Taxify LLP Site 10,2025-04-28,2025-04-30,2025-04-30,1,2,2,True,0
S000707,Taxify LLP,Taxify LLP Site 38,2025-04-28,2025-05-02,2025-05-02,1,4,4,True,0
S000708,Kroger,Kroger Site 25,2025-04-28,2025-05-02,2025-05-02,1,4,4,True,0
S000709,Taxify LLP,Taxify LLP Site 38,2025-04-28,2025-05-03,2025-05-03,1,5,5,True,0
S000710,Taxify LLP,Taxify LLP Site 8,2025-04-29,2025-05-02,2025-05-02,1,3,3,True,0
S000711,Kroger,Kroger Site 25,2025-04-30,2025-05-02,2025-05-02,1,2,2,True,0
S000712,Taxify LLP,Taxify LLP Site 27,2025-04-30,2025-05-04,2025-05-04,1,4,4,True,0
S000713,Kroger,Kroger Site 32,2025-05-03,2025-05-07,2025-05-07,1,4,4,True,0
S000714,Kroger,Kroger Site 12,2025-05-05,2025-05-07,2025-05-07,1,2,2,True,0
S000715,Lex & Co,Lex & Co Site 26,2025-05-04,2025-05-06,2025-05-06,1,2,2,True,0
S000716,Kroger,Kroger Site 36,2025-05-07,2025-05-10,2025-05-12,1,3,5,False,2
S000717,Kroger,Kroger Site 22,2025-05-08,2025-05-11,2025-05-11,1,3,3,True,0
S000718,Taxify LLP,Taxify LLP Site 49,2025-05-08,2025-05-11,2025-05-11,1,3,3,True,0
S000719,Kroger,Kroger Site 28,2025-05-09,2025-05-14,2025-05-14,1,5,5,True,0
S000720,Kroger,Kroger Site 75,2025-05-07,2025-05-09,2025-05-10,1,2,3,False,1
S000721,Kroger,Kroger Site 23,2025-05-09,2025-05-11,2025-05-13,1,2,4,False,2
S000722,Kroger,Kroger Site 76,2025-05-11,2025-05-14,2025-05-14,1,3,3,True,0
S000723,Lex & Co,Lex & Co Site 51,2025-05-10,2025-05-12,2025-05-12,1,2,2,True,0
S000724,Lex & Co,Lex & Co Site 52,2025-05-09,2025-05-11,2025-05-11,1,2,2,True,0
S000725,Kroger,Kroger Site 44,2025-05-11,2025-05-14,2025-05-14,1,3,3,True,0
S000726,Kroger,Kroger Site 76,2025-05-10,2025-05-15,2025-05-15,1,5,5,True,0
S000727,Kroger,Kroger Site 74,2025-05-13,2025-05-15,2025-05-15,1,2,2,True,0
S000728,Kroger,Kroger Site 74,2025-05-13,2025-05-15,2025-05-15,1,2,2,True,0
S000729,Lex & Co,Lex & Co Site 40,2025-05-13,2025-05-17,2025-05-17,1,4,4,True,0
S000730,Kroger,Kroger Site 25,2025-05-15,2025-05-19,2025-05-19,1,4,4,True,0
S000731,Kroger,Kroger Site 36,2025-05-15,2025-05-17,2025-05-17,1,2,2,True,0
S000732,Kroger,Kroger Site 8,2025-05-17,2025-05-19,2025-05-20,1,2,3,False,1
S000733,Lex & Co,Lex & Co Site 6,2025-05-15,2025-05-19,2025-05-20,1,4,5,False,1
S000734,Taxify LLP,Taxify LLP Site 74,2025-05-16,2025-05-20,2025-05-20,1,4,4,True,0
S000735,Kroger,Kroger Site 14,2025-05-17,2025-05-20,2025-05-20,1,3,3,True,0
S000736,Kroger,Kroger Site 25,2025-05-17,2025-05-22,2025-05-22,1,5,5,True,0
S000737,Lex & Co,Lex & Co Site 6,2025-05-17,2025-05-19,2025-05-19,1,2,2,True,0
S000738,Taxify LLP,Taxify LLP Site 12,2025-05-17,2025-05-19,2025-05-21,1,2,4,False,2
S000739,Kroger,Kroger Site 57,2025-05-17,2025-05-20,2025-05-20,1,3,3,True,0
S000740,Kroger,Kroger Site 77,2025-05-18,2025-05-21,2025-05-21,1,3,3,True,0
S000741,Kroger,Kroger Site 26,2025-05-19,2025-05-21,2025-05-21,1,2,2,True,0
S000742,Kroger,Kroger Site 54,2025-05-20,2025-05-23,2025-05-23,1,3,3,True,0
S000743,Kroger,Kroger Site 57,2025-05-20,2025-05-22,2025-05-22,1,2,2,True,0
S000744,Kroger,Kroger Site 58,2025-05-18,2025-05-20,2025-05-21,1,2,3,False,1
S000745,Kroger,Kroger Site 72,2025-05-19,2025-05-22,2025-05-22,1,3,3,True,0
S000746,Kroger,Kroger Site 77,2025-05-18,2025-05-22,2025-05-22,1,4,4,True,0
S000747,Kroger,Kroger Site 23,2025-05-19,2025-05-22,2025-05-22,1,3,3,True,0
S000748,Kroger,Kroger Site 26,2025-05-20,2025-05-23,2025-05-23,1,3,3,True,0
S000749,Kroger,Kroger Site 69,2025-05-21,2025-05-23,2025-05-23,1,2,2,True,0
S000750,Lex & Co,Lex & Co Site 13,2025-05-20,2025-05-24,2025-05-24,1,4,4,True,0
S000751,Kroger,Kroger Site 23,2025-05-21,2025-05-23,2025-05-23,1,2,2,True,0
S000752,Kroger,Kroger Site 3,2025-05-23,2025-05-26,2025-05-26,1,3,3,True,0
S000753,Kroger,Kroger Site 56,2025-05-21,2025-05-23,2025-05-23,1,2,2,True,0
S000754,Lex & Co,Lex & Co Site 53,2025-05-23,2025-05-26,2025-05-26,1,3,3,True,0
S000755,Lex & Co,Lex & Co Site 62,2025-05-23,2025-05-25,2025-05-25,1,2,2,True,0
S000756,Kroger,Kroger Site 31,2025-05-24,2025-05-26,2025-05-26,1,2,2,True,0
S000757,Kroger,Kroger Site 39,2025-05-23,2025-05-26,2025-05-26,1,3,3,True,0
S000758,Lex & Co,Lex & Co Site 30,2025-05-24,2025-05-28,2025-05-28,1,4,4,True,0
S000759,Kroger,Kroger Site 4,2025-05-25,2025-05-29,2025-05-30,1,4,5,False,1
S000760,Kroger,Kroger Site 13,2025-05-27,2025-05-30,2025-05-31,1,3,4,False,1
S000761,Kroger,Kroger Site 40,2025-05-26,2025-05-29,2025-05-29,1,3,3,True,0
S000762,Kroger,Kroger Site 71,2025-05-26,2025-05-30,2025-05-30,1,4,4,True,0
S000763,Kroger,Kroger Site 78,2025-05-27,2025-05-30,2025-05-31,1,3,4,False,1
S000764,Taxify LLP,Taxify LLP Site 33,2025-05-27,2025-05-30,2025-05-30,1,3,3,True,0
S000765,Kroger,Kroger Site 31,2025-05-26,2025-05-28,2025-05-28,1,2,2,True,0
S000766,Kroger,Kroger Site 71,2025-05-28,2025-05-31,2025-05-31,1,3,3,True,0
S000767,Kroger,Kroger Site 78,2025-05-28,2025-05-30,2025-05-30,1,2,2,True,0
S000768,Kroger,Kroger Site 65,2025-05-29,2025-05-31,2025-05-31,1,2,2,True,0
S000769,Kroger,Kroger Site 23,2025-05-31,2025-06-03,2025-06-03,1,3,3,True,0
S000770,Lex & Co,Lex & Co Site 63,2025-05-30,2025-06-01,2025-06-01,1,2,2,True,0
S000771,Kroger,Kroger Site 19,2025-05-30,2025-06-01,2025-06-01,1,2,2,True,0
S000772,Taxify LLP,Taxify LLP Site 20,2025-06-01,2025-06-05,2025-06-05,1,4,4,True,0
S000773,Taxify LLP,Taxify LLP Site 50,2025-05-31,2025-06-02,2025-06-02,1,2,2,True,0
S000774,Kroger,Kroger Site 19,2025-06-02,2025-06-04,2025-06-04,1,2,2,True,0
S000775,Kroger,Kroger Site 52,2025-06-01,2025-06-04,2025-06-04,1,3,3,True,0
S000776,Taxify LLP,Taxify LLP Site 20,2025-05-31,2025-06-03,2025-06-03,1,3,3,True,0
S000777,Taxify LLP,Taxify LLP Site 50,2025-06-02,2025-06-06,2025-06-06,1,4,4,True,0
S000778,Kroger,Kroger Site 51,2025-06-02,2025-06-04,2025-06-05,1,2,3,False,1
S000779,Kroger,Kroger Site 52,2025-06-03,2025-06-05,2025-06-05,1,2,2,True,0
S000780,Kroger,Kroger Site 61,2025-06-01,2025-06-03,2025-06-03,1,2,2,True,0
S000781,Taxify LLP,Taxify LLP Site 20,2025-06-03,2025-06-05,2025-06-05,1,2,2,True,0
S000782,Kroger,Kroger Site 59,2025-06-04,2025-06-08,2025-06-08,1,4,4,True,0
S000783,Kroger,Kroger Site 69,2025-06-04,2025-06-08,2025-06-08,1,4,4,True,0
S000784,Kroger,Kroger Site 59,2025-06-04,2025-06-08,2025-06-08,1,4,4,True,0
S000785,Kroger,Kroger Site 30,2025-06-06,2025-06-10,2025-06-10,1,4,4,True,0
S000786,Kroger,Kroger Site 59,2025-06-04,2025-06-06,2025-06-07,1,2,3,False,1
S000787,Kroger,Kroger Site 14,2025-06-05,2025-06-09,2025-06-09,1,4,4,True,0
S000788,Kroger,Kroger Site 59,2025-06-05,2025-06-08,2025-06-08,1,3,3,True,0
S000789,Taxify LLP,Taxify LLP Site 13,2025-06-07,2025-06-09,2025-06-09,1,2,2,True,0
S000790,Taxify LLP,Taxify LLP Site 61,2025-06-07,2025-06-09,2025-06-09,1,2,2,True,0
S000791,Kroger,Kroger Site 38,2025-06-06,2025-06-08,2025-06-08,1,2,2,True,0
S000792,Kroger,Kroger Site 40,2025-06-07,2025-06-09,2025-06-09,1,2,2,True,0
S000793,Kroger,Kroger Site 46,2025-06-07,2025-06-09,2025-06-09,1,2,2,True,0
S000794,Kroger,Kroger Site 59,2025-06-06,2025-06-08,2025-06-08,1,2,2,True,0
S000795,Kroger,Kroger Site 6,2025-06-07,2025-06-10,2025-06-10,1,3,3,True,0
S000796,Kroger,Kroger Site 63,2025-06-07,2025-06-12,2025-06-12,1,5,5,True,0
S000797,Kroger,Kroger Site 9,2025-06-07,2025-06-10,2025-06-11,1,3,4,False,1
S000798,Lex & Co,Lex & Co Site 8,2025-06-08,2025-06-11,2025-06-11,1,3,3,True,0
S000799,Taxify LLP,Taxify LLP Site 61,2025-06-07,2025-06-10,2025-06-10,1,3,3,True,0
S000800,Kroger,Kroger Site 1,2025-06-07,2025-06-10,2025-06-10,1,3,3,True,0
S000801,Kroger,Kroger Site 6,2025-06-09,2025-06-11,2025-06-11,1,2,2,True,0
S000802,Lex & Co,Lex & Co Site 8,2025-06-09,2025-06-13,2025-06-13,1,4,4,True,0
S000803,Taxify LLP,Taxify LLP Site 76,2025-06-07,2025-06-09,2025-06-11,1,2,4,False,2
S000804,Kroger,Kroger Site 3,2025-06-08,2025-06-10,2025-06-10,1,2,2,True,0
S000805,Kroger,Kroger Site 33,2025-06-09,2025-06-11,2025-06-11,1,2,2,True,0
S000806,Kroger,Kroger Site 71,2025-06-11,2025-06-15,2025-06-15,1,4,4,True,0
S000807,Kroger,Kroger Site 74,2025-06-09,2025-06-14,2025-06-15,1,5,6,False,1
S000808,Lex & Co,Lex & Co Site 16,2025-06-11,2025-06-14,2025-06-14,1,3,3,True,0
S000809,Kroger,Kroger Site 33,2025-06-11,2025-06-13,2025-06-13,1,2,2,True,0
S000810,Lex & Co,Lex & Co Site 17,2025-06-11,2025-06-13,2025-06-13,1,2,2,True,0
S000811,Kroger,Kroger Site 73,2025-06-13,2025-06-15,2025-06-15,1,2,2,True,0
S000812,Taxify LLP,Taxify LLP Site 41,2025-06-12,2025-06-14,2025-06-14,1,2,2,True,0
S000813,Kroger,Kroger Site 57,2025-06-14,2025-06-16,2025-06-16,1,2,2,True,0
S000814,Kroger,Kroger Site 53,2025-06-14,2025-06-19,2025-06-19,1,5,5,True,0
S000815,Kroger,Kroger Site 57,2025-06-15,2025-06-17,2025-06-17,1,2,2,True,0
S000816,Lex & Co,Lex & Co Site 11,2025-06-13,2025-06-16,2025-06-16,1,3,3,True,0
S000817,Kroger,Kroger Site 12,2025-06-15,2025-06-18,2025-06-18,1,3,3,True,0
S000818,Kroger,Kroger Site 50,2025-06-16,2025-06-18,2025-06-18,1,2,2,True,0
S000819,Kroger,Kroger Site 12,2025-06-17,2025-06-20,2025-06-20,1,3,3,True,0
S000820,Kroger,Kroger Site 66,2025-06-18,2025-06-22,2025-06-22,1,4,4,True,0
S000821,Lex & Co,Lex & Co Site 60,2025-06-16,2025-06-19,2025-06-19,1,3,3,True,0
S000822,Lex & Co,Lex & Co Site 66,2025-06-18,2025-06-21,2025-06-21,1,3,3,True,0
S000823,Taxify LLP,Taxify LLP Site 63,2025-06-17,2025-06-20,2025-06-20,1,3,3,True,0
S000824,Kroger,Kroger Site 12,2025-06-18,2025-06-23,2025-06-23,1,5,5,True,0
S000825,Kroger,Kroger Site 13,2025-06-17,2025-06-20,2025-06-20,1,3,3,True,0
S000826,Kroger,Kroger Site 15,2025-06-18,2025-06-21,2025-06-23,1,3,5,False,2
S000827,Kroger,Kroger Site 42,2025-06-17,2025-06-19,2025-06-19,1,2,2,True,0
S000828,Kroger,Kroger Site 5,2025-06-17,2025-06-21,2025-06-22,1,4,5,False,1
S000829,Kroger,Kroger Site 50,2025-06-18,2025-06-20,2025-06-20,1,2,2,True,0
S000830,Kroger,Kroger Site 12,2025-06-19,2025-06-21,2025-06-21,1,2,2,True,0
S000831,Kroger,Kroger Site 29,2025-06-20,2025-06-23,2025-06-23,1,3,3,True,0
S000832,Kroger,Kroger Site 5,2025-06-20,2025-06-22,2025-06-22,1,2,2,True,0
S000833,Kroger,Kroger Site 59,2025-06-18,2025-06-20,2025-06-20,1,2,2,True,0
S000834,Kroger,Kroger Site 79,2025-06-19,2025-06-22,2025-06-22,1,3,3,True,0
S000835,Kroger,Kroger Site 37,2025-06-19,2025-06-22,2025-06-22,1,3,3,True,0
S000836,Kroger,Kroger Site 44,2025-06-22,2025-06-24,2025-06-24,1,2,2,True,0
S000837,Kroger,Kroger Site 15,2025-06-23,2025-06-25,2025-06-26,1,2,3,False,1
S000838,Kroger,Kroger Site 63,2025-06-21,2025-06-23,2025-06-23,1,2,2,True,0
S000839,Kroger,Kroger Site 63,2025-06-21,2025-06-23,2025-06-23,1,2,2,True,0
S000840,Kroger,Kroger Site 9,2025-06-21,2025-06-23,2025-06-23,1,2,2,True,0
S000841,Kroger,Kroger Site 63,2025-06-23,2025-06-25,2025-06-25,1,2,2,True,0
S000842,Kroger,Kroger Site 9,2025-06-23,2025-06-26,2025-06-26,1,3,3,True,0
S000843,Kroger,Kroger Site 12,2025-06-24,2025-06-26,2025-06-28,1,2,4,False,2
S000844,Kroger,Kroger Site 29,2025-06-24,2025-06-27,2025-06-27,1,3,3,True,0
S000845,Kroger,Kroger Site 37,2025-06-23,2025-06-25,2025-06-25,1,2,2,True,0
S000846,Kroger,Kroger Site 63,2025-06-24,2025-06-27,2025-06-27,1,3,3,True,0
S000847,Kroger,Kroger Site 17,2025-06-24,2025-06-26,2025-06-26,1,2,2,True,0
S000848,Kroger,Kroger Site 37,2025-06-26,2025-06-29,2025-06-29,1,3,3,True,0
S000849,Kroger,Kroger Site 64,2025-06-25,2025-06-28,2025-06-28,1,3,3,True,0
S000850,Kroger,Kroger Site 7,2025-06-24,2025-06-26,2025-06-26,1,2,2,True,0
S000851,Kroger,Kroger Site 37,2025-06-27,2025-06-30,2025-06-30,1,3,3,True,0
S000852,Kroger,Kroger Site 7,2025-06-26,2025-06-28,2025-06-28,1,2,2,True,0
S000853,Lex & Co,Lex & Co Site 28,2025-06-27,2025-06-29,2025-06-29,1,2,2,True,0
S000854,Lex & Co,Lex & Co Site 69,2025-06-26,2025-06-29,2025-06-29,1,3,3,True,0
S000855,Taxify LLP,Taxify LLP Site 16,2025-06-25,2025-06-27,2025-06-27,1,2,2,True,0
S000856,Kroger,Kroger Site 37,2025-06-26,2025-06-28,2025-06-28,1,2,2,True,0
S000857,Lex & Co,Lex & Co Site 5,2025-06-28,2025-06-30,2025-06-30,1,2,2,True,0
S000858,Kroger,Kroger Site 6,2025-06-29,2025-07-02,2025-07-02,1,3,3,True,0
S000859,Lex & Co,Lex & Co Site 5,2025-06-29,2025-07-03,2025-07-03,1,4,4,True,0
S000860,Taxify LLP,Taxify LLP Site 31,2025-06-29,2025-07-02,2025-07-02,1,3,3,True,0
S000861,Kroger,Kroger Site 1,2025-06-30,2025-07-02,2025-07-02,1,2,2,True,0
S000862,Kroger,Kroger Site 25,2025-06-28,2025-06-30,2025-06-30,1,2,2,True,0
S000863,Kroger,Kroger Site 53,2025-06-29,2025-07-01,2025-07-01,1,2,2,True,0
S000864,Lex & Co,Lex & Co Site 46,2025-06-28,2025-07-01,2025-07-01,1,3,3,True,0
S000865,Kroger,Kroger Site 25,2025-06-29,2025-07-02,2025-07-02,1,3,3,True,0
S000866,Kroger,Kroger Site 27,2025-06-29,2025-07-01,2025-07-01,1,2,2,True,0
S000867,Kroger,Kroger Site 31,2025-06-30,2025-07-04,2025-07-04,1,4,4,True,0
S000868,Kroger,Kroger Site 53,2025-06-30,2025-07-02,2025-07-02,1,2,2,True,0
S000869,Kroger,Kroger Site 41,2025-07-02,2025-07-04,2025-07-04,1,2,2,True,0
S000870,Kroger,Kroger Site 51,2025-07-01,2025-07-03,2025-07-03,1,2,2,True,0
S000871,Kroger,Kroger Site 11,2025-07-03,2025-07-05,2025-07-05,1,2,2,True,0
S000872,Lex & Co,Lex & Co Site 25,2025-07-02,2025-07-05,2025-07-05,1,3,3,True,0
S000873,Taxify LLP,Taxify LLP Site 75,2025-07-03,2025-07-06,2025-07-06,1,3,3,True,0
S000874,Lex & Co,Lex & Co Site 18,2025-07-03,2025-07-06,2025-07-06,1,3,3,True,0
S000875,Kroger,Kroger Site 7,2025-07-04,2025-07-06,2025-07-06,1,2,2,True,0
S000876,Kroger,Kroger Site 21,2025-07-06,2025-07-09,2025-07-09,1,3,3,True,0
S000877,Kroger,Kroger Site 40,2025-07-06,2025-07-09,2025-07-09,1,3,3,True,0
S000878,Kroger,Kroger Site 52,2025-07-05,2025-07-08,2025-07-08,1,3,3,True,0
S000879,Kroger,Kroger Site 69,2025-07-06,2025-07-10,2025-07-10,1,4,4,True,0
S000880,Lex & Co,Lex & Co Site 65,2025-07-06,2025-07-08,2025-07-08,1,2,2,True,0
S000881,Kroger,Kroger Site 52,2025-07-08,2025-07-11,2025-07-11,1,3,3,True,0
S000882,Kroger,Kroger Site 13,2025-07-08,2025-07-11,2025-07-11,1,3,3,True,0
S000883,Kroger,Kroger Site 2,2025-07-09,2025-07-12,2025-07-12,1,3,3,True,0
S000884,Kroger,Kroger Site 39,2025-07-09,2025-07-11,2025-07-12,1,2,3,False,1
S000885,Kroger,Kroger Site 55,2025-07-07,2025-07-10,2025-07-10,1,3,3,True,0
S000886,Lex & Co,Lex & Co Site 15,2025-07-09,2025-07-14,2025-07-14,1,5,5,True,0
S000887,Lex & Co,Lex & Co Site 44,2025-07-09,2025-07-13,2025-07-13,1,4,4,True,0
S000888,Lex & Co,Lex & Co Site 44,2025-07-10,2025-07-15,2025-07-16,1,5,6,False,1
S000889,Kroger,Kroger Site 36,2025-07-09,2025-07-12,2025-07-12,1,3,3,True,0
S000890,Kroger,Kroger Site 19,2025-07-11,2025-07-13,2025-07-13,1,2,2,True,0
S000891,Kroger,Kroger Site 61,2025-07-10,2025-07-12,2025-07-12,1,2,2,True,0
S000892,Kroger,Kroger Site 40,2025-07-13,2025-07-15,2025-07-15,1,2,2,True,0
S000893,Kroger,Kroger Site 45,2025-07-12,2025-07-14,2025-07-14,1,2,2,True,0
S000894,Kroger,Kroger Site 61,2025-07-12,2025-07-16,2025-07-16,1,4,4,True,0
S000895,Lex & Co,Lex & Co Site 33,2025-07-12,2025-07-14,2025-07-14,1,2,2,True,0
S000896,Kroger,Kroger Site 61,2025-07-12,2025-07-15,2025-07-15,1,3,3,True,0
S000897,Kroger,Kroger Site 79,2025-07-13,2025-07-15,2025-07-15,1,2,2,True,0
S000898,Lex & Co,Lex & Co Site 33,2025-07-13,2025-07-16,2025-07-16,1,3,3,True,0
S000899,Kroger,Kroger Site 16,2025-07-14,2025-07-16,2025-07-17,1,2,3,False,1
S000900,Kroger,Kroger Site 52,2025-07-13,2025-07-16,2025-07-16,1,3,3,True,0
S000901,Kroger,Kroger Site 79,2025-07-13,2025-07-16,2025-07-16,1,3,3,True,0
S000902,Kroger,Kroger Site 11,2025-07-14,2025-07-17,2025-07-17,1,3,3,True,0
S000903,Kroger,Kroger Site 52,2025-07-14,2025-07-16,2025-07-16,1,2,2,True,0
S000904,Lex & Co,Lex & Co Site 68,2025-07-14,2025-07-17,2025-07-18,1,3,4,False,1
S000905,Kroger,Kroger Site 11,2025-07-15,2025-07-19,2025-07-19,1,4,4,True,0
S000906,Lex & Co,Lex & Co Site 68,2025-07-17,2025-07-20,2025-07-20,1,3,3,True,0
S000907,Kroger,Kroger Site 29,2025-07-18,2025-07-22,2025-07-22,1,4,4,True,0
S000908,Kroger,Kroger Site 42,2025-07-16,2025-07-18,2025-07-18,1,2,2,True,0
S000909,Kroger,Kroger Site 62,2025-07-17,2025-07-21,2025-07-23,1,4,6,False,2
S000910,Kroger,Kroger Site 62,2025-07-17,2025-07-19,2025-07-19,1,2,2,True,0
S000911,Kroger,Kroger Site 49,2025-07-20,2025-07-22,2025-07-22,1,2,2,True,0
S000912,Kroger,Kroger Site 62,2025-07-19,2025-07-21,2025-07-22,1,2,3,False,1
S000913,Kroger,Kroger Site 7,2025-07-20,2025-07-23,2025-07-23,1,3,3,True,0
S000914,Kroger,Kroger Site 79,2025-07-18,2025-07-21,2025-07-21,1,3,3,True,0
S000915,Kroger,Kroger Site 41,2025-07-21,2025-07-26,2025-07-26,1,5,5,True,0
S000916,Kroger,Kroger Site 7,2025-07-20,2025-07-22,2025-07-24,1,2,4,False,2
S000917,Kroger,Kroger Site 79,2025-07-20,2025-07-23,2025-07-23,1,3,3,True,0
S000918,Kroger,Kroger Site 32,2025-07-20,2025-07-22,2025-07-22,1,2,2,True,0
S000919,Kroger,Kroger Site 55,2025-07-21,2025-07-24,2025-07-24,1,3,3,True,0
S000920,Kroger,Kroger Site 73,2025-07-20,2025-07-23,2025-07-23,1,3,3,True,0
S000921,Lex & Co,Lex & Co Site 74,2025-07-22,2025-07-24,2025-07-24,1,2,2,True,0
S000922,Kroger,Kroger Site 2,2025-07-22,2025-07-26,2025-07-26,1,4,4,True,0
S000923,Kroger,Kroger Site 30,2025-07-23,2025-07-27,2025-07-27,2,4,4,True,0
S000924,Lex & Co,Lex & Co Site 42,2025-07-22,2025-07-27,2025-07-27,1,5,5,True,0
S000925,Kroger,Kroger Site 3,2025-07-23,2025-07-26,2025-07-26,1,3,3,True,0
S000926,Kroger,Kroger Site 64,2025-07-23,2025-07-26,2025-07-27,1,3,4,False,1
S000927,Lex & Co,Lex & Co Site 42,2025-07-25,2025-07-28,2025-07-28,1,3,3,True,0
S000928,Taxify LLP,Taxify LLP Site 18,2025-07-25,2025-07-27,2025-07-27,1,2,2,True,0
S000929,Lex & Co,Lex & Co Site 50,2025-07-26,2025-07-28,2025-07-29,1,2,3,False,1
S000930,Taxify LLP,Taxify LLP Site 28,2025-07-26,2025-07-30,2025-07-30,1,4,4,True,0
S000931,Taxify LLP,Taxify LLP Site 36,2025-07-24,2025-07-27,2025-07-27,1,3,3,True,0
S000932,Kroger,Kroger Site 78,2025-07-26,2025-07-30,2025-07-30,1,4,4,True,0
S000933,Kroger,Kroger Site 48,2025-07-27,2025-07-29,2025-07-29,1,2,2,True,0
S000934,Kroger,Kroger Site 5,2025-07-27,2025-07-29,2025-07-29,1,2,2,True,0
S000935,Kroger,Kroger Site 5,2025-07-27,2025-07-29,2025-07-29,1,2,2,True,0
S000936,Kroger,Kroger Site 67,2025-07-28,2025-07-30,2025-07-30,1,2,2,True,0
S000937,Lex & Co,Lex & Co Site 19,2025-07-30,2025-08-02,2025-08-02,1,3,3,True,0
S000938,Taxify LLP,Taxify LLP Site 62,2025-07-30,2025-08-01,2025-08-01,1,2,2,True,0
S000939,Kroger,Kroger Site 21,2025-07-30,2025-08-01,2025-08-01,1,2,2,True,0
S000940,Kroger,Kroger Site 67,2025-07-29,2025-08-01,2025-08-01,1,3,3,True,0
S000941,Taxify LLP,Taxify LLP Site 44,2025-07-30,2025-08-01,2025-08-01,1,2,2,True,0
S000942,Taxify LLP,Taxify LLP Site 62,2025-07-31,2025-08-02,2025-08-02,1,2,2,True,0
S000943,Kroger,Kroger Site 17,2025-07-31,2025-08-02,2025-08-02,1,2,2,True,0
S000944,Kroger,Kroger Site 24,2025-08-01,2025-08-03,2025-08-03,1,2,2,True,0
S000945,Kroger,Kroger Site 67,2025-07-30,2025-08-02,2025-08-02,1,3,3,True,0
S000946,Taxify LLP,Taxify LLP Site 55,2025-07-31,2025-08-04,2025-08-04,1,4,4,True,0
S000947,Kroger,Kroger Site 5,2025-08-02,2025-08-04,2025-08-04,1,2,2,True,0
S000948,Kroger,Kroger Site 67,2025-07-31,2025-08-03,2025-08-03,1,3,3,True,0
S000949,Lex & Co,Lex & Co Site 29,2025-07-31,2025-08-02,2025-08-02,1,2,2,True,0
S000950,Kroger,Kroger Site 11,2025-08-03,2025-08-05,2025-08-05,1,2,2,True,0
S000951,Kroger,Kroger Site 17,2025-08-02,2025-08-07,2025-08-07,1,5,5,True,0
S000952,Kroger,Kroger Site 5,2025-08-03,2025-08-06,2025-08-08,1,3,5,False,2
S000953,Kroger,Kroger Site 68,2025-08-02,2025-08-05,2025-08-05,1,3,3,True,0
S000954,Kroger,Kroger Site 70,2025-08-02,2025-08-04,2025-08-04,1,2,2,True,0
S000955,Lex & Co,Lex & Co Site 48,2025-08-01,2025-08-06,2025-08-06,1,5,5,True,0
S000956,Lex & Co,Lex & Co Site 51,2025-08-02,2025-08-04,2025-08-04,1,2,2,True,0
S000957,Lex & Co,Lex & Co Site 52,2025-08-02,2025-08-05,2025-08-05,1,3,3,True,0
S000958,Taxify LLP,Taxify LLP Site 68,2025-08-03,2025-08-07,2025-08-07,1,4,4,True,0
S000959,Kroger,Kroger Site 17,2025-08-02,2025-08-06,2025-08-06,1,4,4,True,0
S000960,Lex & Co,Lex & Co Site 51,2025-08-02,2025-08-05,2025-08-05,1,3,3,True,0
S000961,Lex & Co,Lex & Co Site 52,2025-08-03,2025-08-05,2025-08-05,1,2,2,True,0
S000962,Lex & Co,Lex & Co Site 52,2025-08-03,2025-08-07,2025-08-07,1,4,4,True,0
S000963,Taxify LLP,Taxify LLP Site 67,2025-08-06,2025-08-09,2025-08-09,1,3,3,True,0
S000964,Taxify LLP,Taxify LLP Site 67,2025-08-08,2025-08-10,2025-08-10,1,2,2,True,0
S000965,Kroger,Kroger Site 27,2025-08-10,2025-08-12,2025-08-12,1,2,2,True,0
S000966,Lex & Co,Lex & Co Site 49,2025-08-10,2025-08-12,2025-08-12,1,2,2,True,0
S000967,Taxify LLP,Taxify LLP Site 32,2025-08-10,2025-08-12,2025-08-12,1,2,2,True,0
S000968,Taxify LLP,Taxify LLP Site 51,2025-08-08,2025-08-10,2025-08-10,1,2,2,True,0
S000969,Kroger,Kroger Site 57,2025-08-09,2025-08-11,2025-08-11,1,2,2,True,0
S000970,Kroger,Kroger Site 76,2025-08-09,2025-08-12,2025-08-12,1,3,3,True,0
S000971,Taxify LLP,Taxify LLP Site 51,2025-08-10,2025-08-14,2025-08-14,1,4,4,True,0
S000972,Kroger,Kroger Site 56,2025-08-10,2025-08-13,2025-08-13,1,3,3,True,0
S000973,Kroger,Kroger Site 57,2025-08-12,2025-08-17,2025-08-17,1,5,5,True,0
S000974,Kroger,Kroger Site 72,2025-08-10,2025-08-13,2025-08-13,1,3,3,True,0
S000975,Kroger,Kroger Site 77,2025-08-12,2025-08-14,2025-08-14,1,2,2,True,0
S000976,Taxify LLP,Taxify LLP Site 9,2025-08-11,2025-08-14,2025-08-14,1,3,3,True,0
S000977,Kroger,Kroger Site 26,2025-08-14,2025-08-18,2025-08-18,1,4,4,True,0
S000978,Kroger,Kroger Site 53,2025-08-13,2025-08-15,2025-08-15,1,2,2,True,0
S000979,Taxify LLP,Taxify LLP Site 72,2025-08-12,2025-08-14,2025-08-14,1,2,2,True,0
S000980,Kroger,Kroger Site 20,2025-08-15,2025-08-17,2025-08-17,1,2,2,True,0
S000981,Lex & Co,Lex & Co Site 45,2025-08-15,2025-08-17,2025-08-17,1,2,2,True,0
S000982,Kroger,Kroger Site 16,2025-08-18,2025-08-22,2025-08-22,1,4,4,True,0
S000983,Kroger,Kroger Site 56,2025-08-18,2025-08-20,2025-08-20,1,2,2,True,0
S000984,Lex & Co,Lex & Co Site 12,2025-08-16,2025-08-18,2025-08-18,1,2,2,True,0
S000985,Lex & Co,Lex & Co Site 45,2025-08-16,2025-08-18,2025-08-18,1,2,2,True,0
S000986,Kroger,Kroger Site 27,2025-08-18,2025-08-21,2025-08-21,1,3,3,True,0
S000987,Kroger,Kroger Site 49,2025-08-18,2025-08-20,2025-08-20,1,2,2,True,0
S000988,Kroger,Kroger Site 80,2025-08-17,2025-08-19,2025-08-19,1,2,2,True,0
S000989,Lex & Co,Lex & Co Site 23,2025-08-19,2025-08-23,2025-08-23,1,4,4,True,0
S000990,Kroger,Kroger Site 32,2025-08-20,2025-08-23,2025-08-23,1,3,3,True,0
S000991,Taxify LLP,Taxify LLP Site 64,2025-08-20,2025-08-22,2025-08-22,1,2,2,True,0
S000992,Kroger,Kroger Site 15,2025-08-20,2025-08-22,2025-08-22,1,2,2,True,0
S000993,Kroger,Kroger Site 38,2025-08-19,2025-08-23,2025-08-23,1,4,4,True,0
S000994,Kroger,Kroger Site 33,2025-08-21,2025-08-23,2025-08-23,1,2,2,True,0
S000995,Lex & Co,Lex & Co Site 1,2025-08-22,2025-08-25,2025-08-27,1,3,5,False,2
S000996,Kroger,Kroger Site 10,2025-08-22,2025-08-25,2025-08-26,1,3,4,False,1
S000997,Kroger,Kroger Site 60,2025-08-21,2025-08-23,2025-08-23,1,2,2,True,0
S000998,Lex & Co,Lex & Co Site 80,2025-08-21,2025-08-25,2025-08-25,1,4,4,True,0
S000999,Kroger,Kroger Site 10,2025-08-23,2025-08-25,2025-08-25,1,2,2,True,0
S001000,Kroger,Kroger Site 39,2025-08-24,2025-08-27,2025-08-27,1,3,3,True,0
S001001,Kroger,Kroger Site 75,2025-08-24,2025-08-26,2025-08-28,1,2,4,False,2
S001002,Lex & Co,Lex & Co Site 17,2025-08-23,2025-08-27,2025-08-27,1,4,4,True,0
S001003,Kroger,Kroger Site 10,2025-08-23,2025-08-25,2025-08-25,1,2,2,True,0
S001004,Kroger,Kroger Site 10,2025-08-24,2025-08-27,2025-08-27,1,3,3,True,0
S001005,Lex & Co,Lex & Co Site 76,2025-08-26,2025-08-29,2025-08-31,1,3,5,False,2
S001006,Kroger,Kroger Site 10,2025-08-25,2025-08-27,2025-08-27,1,2,2,True,0
S001007,Kroger,Kroger Site 20,2025-08-26,2025-08-28,2025-08-28,1,2,2,True,0
S001008,Lex & Co,Lex & Co Site 21,2025-08-26,2025-08-30,2025-08-30,1,4,4,True,0
S001009,Lex & Co,Lex & Co Site 35,2025-08-25,2025-08-28,2025-08-28,1,3,3,True,0
S001010,Kroger,Kroger Site 10,2025-08-27,2025-08-31,2025-08-31,1,4,4,True,0
S001011,Kroger,Kroger Site 24,2025-08-27,2025-08-29,2025-08-29,1,2,2,True,0
S001012,Kroger,Kroger Site 54,2025-08-26,2025-08-28,2025-08-28,1,2,2,True,0
S001013,Taxify LLP,Taxify LLP Site 56,2025-08-27,2025-08-30,2025-08-30,1,3,3,True,0
S001014,Kroger,Kroger Site 10,2025-08-27,2025-08-30,2025-08-31,1,3,4,False,1
S001015,Kroger,Kroger Site 24,2025-08-27,2025-08-29,2025-08-30,1,2,3,False,1
S001016,Kroger,Kroger Site 29,2025-08-27,2025-08-29,2025-08-29,1,2,2,True,0
S001017,Kroger,Kroger Site 54,2025-08-27,2025-08-30,2025-08-30,1,3,3,True,0
S001018,Kroger,Kroger Site 71,2025-08-29,2025-08-31,2025-08-31,1,2,2,True,0
S001019,Kroger,Kroger Site 9,2025-08-27,2025-08-30,2025-08-30,1,3,3,True,0
S001020,Lex & Co,Lex & Co Site 41,2025-08-27,2025-08-30,2025-08-31,1,3,4,False,1
S001021,Kroger,Kroger Site 21,2025-08-29,2025-09-01,2025-09-01,1,3,3,True,0
S001022,Kroger,Kroger Site 24,2025-08-28,2025-08-31,2025-08-31,1,3,3,True,0
S001023,Kroger,Kroger Site 54,2025-08-30,2025-09-02,2025-09-02,1,3,3,True,0
S001024,Kroger,Kroger Site 71,2025-08-29,2025-08-31,2025-08-31,1,2,2,True,0
S001025,Taxify LLP,Taxify LLP Site 1,2025-08-29,2025-09-03,2025-09-03,1,5,5,True,0
S001026,Kroger,Kroger Site 21,2025-08-31,2025-09-03,2025-09-03,1,3,3,True,0
S001027,Kroger,Kroger Site 24,2025-08-29,2025-08-31,2025-08-31,1,2,2,True,0
S001028,Kroger,Kroger Site 34,2025-08-29,2025-08-31,2025-08-31,1,2,2,True,0
S001029,Kroger,Kroger Site 34,2025-08-30,2025-09-04,2025-09-04,1,5,5,True,0
S001030,Kroger,Kroger Site 38,2025-08-29,2025-08-31,2025-08-31,1,2,2,True,0
S001031,Kroger,Kroger Site 54,2025-08-31,2025-09-04,2025-09-04,1,4,4,True,0
S001032,Kroger,Kroger Site 68,2025-08-31,2025-09-04,2025-09-04,1,4,4,True,0
S001033,Kroger,Kroger Site 71,2025-08-29,2025-08-31,2025-08-31,1,2,2,True,0
S001034,Taxify LLP,Taxify LLP Site 1,2025-08-29,2025-09-03,2025-09-03,1,5,5,True,0
S001035,Kroger,Kroger Site 21,2025-09-01,2025-09-05,2025-09-05,1,4,4,True,0
S001036,Kroger,Kroger Site 34,2025-08-31,2025-09-02,2025-09-02,2,2,2,True,0
S001037,Kroger,Kroger Site 38,2025-08-31,2025-09-02,2025-09-02,1,2,2,True,0
S001038,Kroger,Kroger Site 54,2025-08-31,2025-09-03,2025-09-03,1,3,3,True,0
S001039,Kroger,Kroger Site 68,2025-08-30,2025-09-01,2025-09-01,1,2,2,True,0
S001040,Kroger,Kroger Site 71,2025-08-30,2025-09-03,2025-09-03,1,4,4,True,0
S001041,Taxify LLP,Taxify LLP Site 1,2025-09-01,2025-09-03,2025-09-03,1,2,2,True,0
S001042,Kroger,Kroger Site 18,2025-09-02,2025-09-05,2025-09-05,1,3,3,True,0
S001043,Kroger,Kroger Site 21,2025-09-02,2025-09-04,2025-09-04,1,2,2,True,0
S001044,Kroger,Kroger Site 34,2025-09-01,2025-09-04,2025-09-04,1,3,3,True,0
S001045,Kroger,Kroger Site 34,2025-09-02,2025-09-04,2025-09-04,1,2,2,True,0
S001046,Kroger,Kroger Site 38,2025-09-01,2025-09-03,2025-09-03,1,2,2,True,0
S001047,Kroger,Kroger Site 54,2025-08-31,2025-09-03,2025-09-03,1,3,3,True,0
S001048,Kroger,Kroger Site 68,2025-09-01,2025-09-03,2025-09-03,1,2,2,True,0
S001049,Kroger,Kroger Site 71,2025-08-31,2025-09-02,2025-09-02,1,2,2,True,0
S001050,Lex & Co,Lex & Co Site 78,2025-09-01,2025-09-03,2025-09-03,1,2,2,True,0
S001051,Taxify LLP,Taxify LLP Site 1,2025-09-02,2025-09-04,2025-09-04,1,2,2,True,0
